{"type":"FeatureCollection","name":"wildwood_crest_road_centerlines","metadata":{"source":"NJOGIS NG911 Road Centerlines (Tran_road)","url":"https://services2.arcgis.com/XVOqAjTOJ5P6ngMu/arcgis/rest/services/Tran_road/FeatureServer/0","query_url":"https://services2.arcgis.com/XVOqAjTOJ5P6ngMu/arcgis/rest/services/Tran_road/FeatureServer/0/query","retrieved_at_utc":"2026-09-04T20:06:23.778027+00:00","source_last_edit_date":1785341586960,"out_sr":4326,"query_envelope_wgs84":[-74.8553372,38.9570624,-74.8204988,38.9891643],"spatial_relationship":"esriSpatialRelIntersects","boundary_file":"wildwood_crest_boundary.geojson","boundary_sha256":"7e5c69c308400f2a1d47477ac40294101bc6a907824b2a722bba892127cd375a","fields":["OBJECTID","PRIMENAME","ELEVTYP_F","ELEVTYP_T"],"feature_count":760,"complete_objectid_inventory_verified":true,"municipal_clipping":"Envelope selection only; clip against the actual municipal boundary in the application."},"features":[{"type":"Feature","id":1428,"properties":{"OBJECTID":1428,"PRIMENAME":"New Jersey Avenue","ELEVTYP_F":0,"ELEVTYP_T":0},"geometry":{"type":"LineString","coordinates":[[-74.829966924188,38.9802188604675],[-74.8296568322134,38.9804415461857],[-74.82932252835,38.980685936392]]}},{"type":"Feature","id":1849,"properties":{"OBJECTID":1849,"PRIMENAME":"Given Drive","ELEVTYP_F":0,"ELEVTYP_T":0},"geometry":{"type":"LineString","coordinates":[[-74.8389785759123,38.9878215967213],[-74.8389640275184,38.9879797136069]]}},{"type":"Feature","id":2225,"properties":{"OBJECTID":2225,"PRIMENAME":"West Myrtle Road","ELEVTYP_F":0,"ELEVTYP_T":0},"geometry":{"type":"LineString","coordinates":[[-74.8390794747786,38.9745092790015],[-74.8391625637218,38.9745687595644],[-74.8392323423752,38.9745957403767],[-74.8393641866766,38.9746406642953]]}},{"type":"Feature","id":2280,"properties":{"OBJECTID":2280,"PRIMENAME":"East Lotus Road","ELEVTYP_F":0,"ELEVTYP_T":0},"geometry":{"type":"LineString","coordinates":[[-74.8335834913682,38.9709660629042],[-74.8338680938689,38.971206663306],[-74.834531538767,38.9717553883998]]}},{"type":"Feature","id":2342,"properties":{"OBJECTID":2342,"PRIMENAME":"East Buttercup Road","ELEVTYP_F":0,"ELEVTYP_T":0},"geometry":{"type":"LineString","coordinates":[[-74.8260491502983,38.9779634804187],[-74.8251559278968,38.9772143532364],[-74.8251041915582,38.977170344138]]}},{"type":"Feature","id":2484,"properties":{"OBJECTID":2484,"PRIMENAME":"Ocean Avenue","ELEVTYP_F":0,"ELEVTYP_T":0},"geometry":{"type":"LineString","coordinates":[[-74.8238076988415,38.9781168168438],[-74.8244618422045,38.977639721913]]}},{"type":"Feature","id":2735,"properties":{"OBJECTID":2735,"PRIMENAME":"Atlantic Avenue","ELEVTYP_F":0,"ELEVTYP_T":0},"geometry":{"type":"LineString","coordinates":[[-74.8286606959761,38.9760514165003],[-74.8291564627671,38.9756897096461],[-74.8293409410632,38.9755551916147]]}},{"type":"Feature","id":3063,"properties":{"OBJECTID":3063,"PRIMENAME":"Atlantic Avenue","ELEVTYP_F":0,"ELEVTYP_T":0},"geometry":{"type":"LineString","coordinates":[[-74.8380963260778,38.9685973574575],[-74.8382411926509,38.9684614850989],[-74.8386639433252,38.9680627973794]]}},{"type":"Feature","id":3510,"properties":{"OBJECTID":3510,"PRIMENAME":"Susquehanna Avenue","ELEVTYP_F":0,"ELEVTYP_T":0},"geometry":{"type":"LineString","coordinates":[[-74.8283497177376,38.9892325006964],[-74.828536049029,38.9890951502668],[-74.8290160864012,38.9887437588177]]}},{"type":"Feature","id":3802,"properties":{"OBJECTID":3802,"PRIMENAME":"West Primrose Road","ELEVTYP_F":0,"ELEVTYP_T":0},"geometry":{"type":"LineString","coordinates":[[-74.8397477224586,38.9739205760161],[-74.8395462379038,38.9738698148646],[-74.8394841919885,38.9738488520488],[-74.8394492819234,38.9738308308745],[-74.8394174555073,38.9738028884893]]}},{"type":"Feature","id":3812,"properties":{"OBJECTID":3812,"PRIMENAME":"Atlantic Avenue","ELEVTYP_F":0,"ELEVTYP_T":0},"geometry":{"type":"LineString","coordinates":[[-74.8444527911402,38.961969399809],[-74.8444656298741,38.9619552480169],[-74.8445292403619,38.9618946516467],[-74.8446465084358,38.9618024285778],[-74.8449481730797,38.9615940881614],[-74.8449981804414,38.9615569263806]]}},{"type":"Feature","id":3891,"properties":{"OBJECTID":3891,"PRIMENAME":"Pacific Avenue","ELEVTYP_F":0,"ELEVTYP_T":0},"geometry":{"type":"LineString","coordinates":[[-74.8431586611972,38.9679971395743],[-74.8427898180363,38.9682711331349],[-74.8425698793052,38.9684317242968]]}},{"type":"Feature","id":3927,"properties":{"OBJECTID":3927,"PRIMENAME":"Lavender Road","ELEVTYP_F":0,"ELEVTYP_T":0},"geometry":{"type":"LineString","coordinates":[[-74.8332100007134,38.9829220707803],[-74.8332604966904,38.9829472156577],[-74.8333228164738,38.9829652153109],[-74.8334279003135,38.9829800721441],[-74.8335562657955,38.9829858005336]]}},{"type":"Feature","id":4055,"properties":{"OBJECTID":4055,"PRIMENAME":"Diamond Sand Drive","ELEVTYP_F":0,"ELEVTYP_T":0},"geometry":{"type":"LineString","coordinates":[[-74.8493404848911,38.9583706839908],[-74.8488363512916,38.957948616143],[-74.8482467681715,38.9574626313058]]}},{"type":"Feature","id":4108,"properties":{"OBJECTID":4108,"PRIMENAME":"Pacific Avenue","ELEVTYP_F":0,"ELEVTYP_T":0},"geometry":{"type":"LineString","coordinates":[[-74.8471653537541,38.9650660397816],[-74.8466257751098,38.965461178571]]}},{"type":"Feature","id":5206,"properties":{"OBJECTID":5206,"PRIMENAME":"East Saint Louis Avenue","ELEVTYP_F":0,"ELEVTYP_T":0},"geometry":{"type":"LineString","coordinates":[[-74.8460795964035,38.9607562194239],[-74.845338904079,38.9601435349004]]}},{"type":"Feature","id":5396,"properties":{"OBJECTID":5396,"PRIMENAME":"Pacific Avenue","ELEVTYP_F":0,"ELEVTYP_T":0},"geometry":{"type":"LineString","coordinates":[[-74.8270424872665,38.9797936895074],[-74.8267255303342,38.9800247611488],[-74.8263903402217,38.9802692004185]]}},{"type":"Feature","id":5774,"properties":{"OBJECTID":5774,"PRIMENAME":"East Preston Avenue","ELEVTYP_F":0,"ELEVTYP_T":0},"geometry":{"type":"LineString","coordinates":[[-74.8482378778216,38.9668038496967],[-74.8480918037489,38.9666813270263],[-74.847007070174,38.9657776309295],[-74.8466257751098,38.965461178571]]}},{"type":"Feature","id":5812,"properties":{"OBJECTID":5812,"PRIMENAME":"East Washington Avenue","ELEVTYP_F":0,"ELEVTYP_T":0},"geometry":{"type":"LineString","coordinates":[[-74.8492272808358,38.9608431133702],[-74.850349664917,38.9617814663664],[-74.8509585274792,38.9622872625158]]}},{"type":"Feature","id":5936,"properties":{"OBJECTID":5936,"PRIMENAME":"East Rio Grande Avenue","ELEVTYP_F":0,"ELEVTYP_T":0},"geometry":{"type":"LineString","coordinates":[[-74.8214153418791,38.9813632248592],[-74.8208250098328,38.9808688679892],[-74.8204603835305,38.9805669754857]]}},{"type":"Feature","id":6290,"properties":{"OBJECTID":6290,"PRIMENAME":"Atlantic Avenue","ELEVTYP_F":0,"ELEVTYP_T":0},"geometry":{"type":"LineString","coordinates":[[-74.8416821030154,38.9649248577804],[-74.8419126863235,38.9646829589464],[-74.8421852015286,38.964398871596]]}},{"type":"Feature","id":6316,"properties":{"OBJECTID":6316,"PRIMENAME":"East Morning Glory Road","ELEVTYP_F":0,"ELEVTYP_T":0},"geometry":{"type":"LineString","coordinates":[[-74.8254071490859,38.9784322038293],[-74.8261045883558,38.9790135566502]]}},{"type":"Feature","id":6322,"properties":{"OBJECTID":6322,"PRIMENAME":"Seaview Avenue","ELEVTYP_F":0,"ELEVTYP_T":0},"geometry":{"type":"LineString","coordinates":[[-74.8371902629912,38.9708908952116],[-74.8367450426,38.9712296175302],[-74.8365272888162,38.9713885162417]]}},{"type":"Feature","id":6902,"properties":{"OBJECTID":6902,"PRIMENAME":"West Burk Avenue","ELEVTYP_F":0,"ELEVTYP_T":0},"geometry":{"type":"LineString","coordinates":[[-74.8260688510302,38.9883788444459],[-74.8265866194499,38.9888099211524],[-74.8275897372376,38.9896422291644],[-74.8276839018022,38.9897211822373]]}},{"type":"Feature","id":7053,"properties":{"OBJECTID":7053,"PRIMENAME":"Pacific Avenue","ELEVTYP_F":0,"ELEVTYP_T":0},"geometry":{"type":"LineString","coordinates":[[-74.8547876664064,38.9594734332365],[-74.8543453144732,38.9597988707385],[-74.8542256173737,38.9598874029585]]}},{"type":"Feature","id":7153,"properties":{"OBJECTID":7153,"PRIMENAME":"Arctic Avenue","ELEVTYP_F":0,"ELEVTYP_T":0},"geometry":{"type":"LineString","coordinates":[[-74.8229770896909,38.9878925876504],[-74.823542298201,38.9874812600317],[-74.8236444119888,38.9874068672337]]}},{"type":"Feature","id":7743,"properties":{"OBJECTID":7743,"PRIMENAME":"West Sweetbriar Road","ELEVTYP_F":0,"ELEVTYP_T":0},"geometry":{"type":"LineString","coordinates":[[-74.8354695630502,38.9795788487422],[-74.8351658114432,38.9793364122318]]}},{"type":"Feature","id":7882,"properties":{"OBJECTID":7882,"PRIMENAME":"West Taylor Avenue","ELEVTYP_F":0,"ELEVTYP_T":0},"geometry":{"type":"LineString","coordinates":[[-74.8274025048464,38.9874002270637],[-74.8282167970234,38.9880753110308],[-74.8290160864012,38.9887437588177]]}},{"type":"Feature","id":8100,"properties":{"OBJECTID":8100,"PRIMENAME":"West Aster Road","ELEVTYP_F":0,"ELEVTYP_T":0},"geometry":{"type":"LineString","coordinates":[[-74.8319260299851,38.9787814289784],[-74.8324075572094,38.979180814673],[-74.8333553194233,38.9799710555498],[-74.833951778364,38.9804572038441]]}},{"type":"Feature","id":8728,"properties":{"OBJECTID":8728,"PRIMENAME":"Pacific Avenue","ELEVTYP_F":0,"ELEVTYP_T":0},"geometry":{"type":"LineString","coordinates":[[-74.8263903402217,38.9802692004185],[-74.8258531012943,38.9806801623413],[-74.8257312912255,38.9807682872596]]}},{"type":"Feature","id":9179,"properties":{"OBJECTID":9179,"PRIMENAME":"Park Boulevard","ELEVTYP_F":0,"ELEVTYP_T":0},"geometry":{"type":"LineString","coordinates":[[-74.8377369092664,38.976452288251],[-74.837541229344,38.9766994583461],[-74.8372943300023,38.9770131717731],[-74.8372529678337,38.9770665324884]]}},{"type":"Feature","id":9194,"properties":{"OBJECTID":9194,"PRIMENAME":"East Forget Me Not Road","ELEVTYP_F":0,"ELEVTYP_T":0},"geometry":{"type":"LineString","coordinates":[[-74.8325977650871,38.9731715674761],[-74.8317398232645,38.9724618736137],[-74.8316475121152,38.9723839065361]]}},{"type":"Feature","id":9283,"properties":{"OBJECTID":9283,"PRIMENAME":"Morning Glory Road","ELEVTYP_F":0,"ELEVTYP_T":0},"geometry":{"type":"LineString","coordinates":[[-74.8389640275184,38.9879797136069],[-74.8384964294203,38.9878602687495],[-74.8383889151037,38.9878154887408],[-74.838058318504,38.9876777932097],[-74.8377076109583,38.9874798826254]]}},{"type":"Feature","id":9601,"properties":{"OBJECTID":9601,"PRIMENAME":"Ocean Avenue","ELEVTYP_F":0,"ELEVTYP_T":0},"geometry":{"type":"LineString","coordinates":[[-74.8231322597448,38.978608410635],[-74.8227579069956,38.9788830972522],[-74.8224690612755,38.9790938434793]]}},{"type":"Feature","id":9943,"properties":{"OBJECTID":9943,"PRIMENAME":"Bayview Avenue","ELEVTYP_F":0,"ELEVTYP_T":0},"geometry":{"type":"LineString","coordinates":[[-74.8459822398675,38.969431882548],[-74.846021358654,38.9694258361598],[-74.8469411212445,38.9693033585892]]}},{"type":"Feature","id":10671,"properties":{"OBJECTID":10671,"PRIMENAME":"Pacific Avenue","ELEVTYP_F":0,"ELEVTYP_T":0},"geometry":{"type":"LineString","coordinates":[[-74.8466257751098,38.965461178571],[-74.8462055614152,38.9657689451303],[-74.8460837369523,38.9658581626141]]}},{"type":"Feature","id":10805,"properties":{"OBJECTID":10805,"PRIMENAME":"Pacific Avenue","ELEVTYP_F":0,"ELEVTYP_T":0},"geometry":{"type":"LineString","coordinates":[[-74.8455474062039,38.9662509255782],[-74.8449425722107,38.9666910615703]]}},{"type":"Feature","id":11259,"properties":{"OBJECTID":11259,"PRIMENAME":"Seaview Avenue","ELEVTYP_F":0,"ELEVTYP_T":0},"geometry":{"type":"LineString","coordinates":[[-74.8418861319904,38.9669366926793],[-74.8416195179667,38.9672138712173],[-74.8413955766639,38.9674492141601]]}},{"type":"Feature","id":11770,"properties":{"OBJECTID":11770,"PRIMENAME":"West Hand Avenue","ELEVTYP_F":0,"ELEVTYP_T":0},"geometry":{"type":"LineString","coordinates":[[-74.8276079777575,38.9854627339429],[-74.8274328361721,38.985316351257],[-74.8269883087596,38.9849556951938]]}},{"type":"Feature","id":12079,"properties":{"OBJECTID":12079,"PRIMENAME":"Park Boulevard","ELEVTYP_F":0,"ELEVTYP_T":0},"geometry":{"type":"LineString","coordinates":[[-74.8351658114432,38.9793364122318],[-74.8349323802259,38.9795487317995],[-74.834550890199,38.9798981637782]]}},{"type":"Feature","id":17018,"properties":{"OBJECTID":17018,"PRIMENAME":"Pacific Avenue","ELEVTYP_F":0,"ELEVTYP_T":0},"geometry":{"type":"LineString","coordinates":[[-74.8368245665148,38.9726391055219],[-74.8361714913708,38.9731139885995]]}},{"type":"Feature","id":18494,"properties":{"OBJECTID":18494,"PRIMENAME":"East Andrews Avenue","ELEVTYP_F":0,"ELEVTYP_T":0},"geometry":{"type":"LineString","coordinates":[[-74.8217073969773,38.9837092370864],[-74.8213118472879,38.9833878001145],[-74.8206335263606,38.9828185858939],[-74.8201516613387,38.9824052586809],[-74.8200692126642,38.9823380749103]]}},{"type":"Feature","id":18658,"properties":{"OBJECTID":18658,"PRIMENAME":"Lake Road","ELEVTYP_F":0,"ELEVTYP_T":0},"geometry":{"type":"LineString","coordinates":[[-74.8333405748064,38.9819958274959],[-74.833292754103,38.9823611883111],[-74.8332100007134,38.9829220707803]]}},{"type":"Feature","id":19042,"properties":{"OBJECTID":19042,"PRIMENAME":"West Rio Grande Avenue","ELEVTYP_F":0,"ELEVTYP_T":0},"geometry":{"type":"LineString","coordinates":[[-74.8269354627879,38.9859570048417],[-74.8280740736959,38.9869048031333]]}},{"type":"Feature","id":19444,"properties":{"OBJECTID":19444,"PRIMENAME":"New Jersey Avenue","ELEVTYP_F":0,"ELEVTYP_T":0},"geometry":{"type":"LineString","coordinates":[[-74.8286849531098,38.9811539507451],[-74.8282634932958,38.981472392154],[-74.828030833848,38.9816368354395]]}},{"type":"Feature","id":20749,"properties":{"OBJECTID":20749,"PRIMENAME":"Austin Avenue","ELEVTYP_F":0,"ELEVTYP_T":0},"geometry":{"type":"LineString","coordinates":[[-74.85533964527,38.9616777436032],[-74.8541948885263,38.9607298961251],[-74.8536773015011,38.9602920196688]]}},{"type":"Feature","id":21701,"properties":{"OBJECTID":21701,"PRIMENAME":"East Cardinal Road","ELEVTYP_F":0,"ELEVTYP_T":0},"geometry":{"type":"LineString","coordinates":[[-74.8283925797344,38.9747651938292],[-74.8280126102418,38.9744464810454],[-74.8278916168294,38.9743426710092],[-74.8278440533991,38.9742957686058],[-74.8278376074427,38.9742786522356],[-74.8278358254385,38.9742658622362]]}},{"type":"Feature","id":22277,"properties":{"OBJECTID":22277,"PRIMENAME":"East Sweetbriar Road","ELEVTYP_F":0,"ELEVTYP_T":0},"geometry":{"type":"LineString","coordinates":[[-74.8316574192171,38.976423622394],[-74.8312567776828,38.9760902066479],[-74.8307199904524,38.9756401195815]]}},{"type":"Feature","id":31517,"properties":{"OBJECTID":31517,"PRIMENAME":"East Jefferson Avenue","ELEVTYP_F":0,"ELEVTYP_T":0},"geometry":{"type":"LineString","coordinates":[[-74.8531750592437,38.9632626559515],[-74.8530324099482,38.9631429298263],[-74.8521887165995,38.962443529121],[-74.8518457367462,38.9621594894325],[-74.8515153245065,38.9618843898154]]}},{"type":"Feature","id":34251,"properties":{"OBJECTID":34251,"PRIMENAME":"Pacific Avenue","ELEVTYP_F":0,"ELEVTYP_T":0},"geometry":{"type":"LineString","coordinates":[[-74.8419785092991,38.9688635416442],[-74.8416433550643,38.9691082717656],[-74.8413786574911,38.9693028759985]]}},{"type":"Feature","id":40044,"properties":{"OBJECTID":40044,"PRIMENAME":"Shawcrest Road","ELEVTYP_F":0,"ELEVTYP_T":0},"geometry":{"type":"LineString","coordinates":[[-74.8391186125843,38.9861498830772],[-74.8394045337669,38.9859549614435],[-74.8396264249353,38.9858036894925]]}},{"type":"Feature","id":42600,"properties":{"OBJECTID":42600,"PRIMENAME":"West Morning Glory Road","ELEVTYP_F":0,"ELEVTYP_T":0},"geometry":{"type":"LineString","coordinates":[[-74.8286849531098,38.9811539507451],[-74.829560593599,38.9818860762857],[-74.8307827451715,38.982905637041],[-74.8309019087316,38.9830055501441]]}},{"type":"Feature","id":42607,"properties":{"OBJECTID":42607,"PRIMENAME":"East Buttercup Road","ELEVTYP_F":0,"ELEVTYP_T":0},"geometry":{"type":"LineString","coordinates":[[-74.8267482312917,38.9785420519863],[-74.8262490635214,38.9781311322503],[-74.8260491502983,38.9779634804187]]}},{"type":"Feature","id":44485,"properties":{"OBJECTID":44485,"PRIMENAME":"East Forget Me Not Road","ELEVTYP_F":0,"ELEVTYP_T":0},"geometry":{"type":"LineString","coordinates":[[-74.835870730481,38.9758974123585],[-74.8356010525707,38.9756717384389],[-74.834808498122,38.9750182790973],[-74.8342347757821,38.9745336902082]]}},{"type":"Feature","id":44574,"properties":{"OBJECTID":44574,"PRIMENAME":"Atlantic Avenue","ELEVTYP_F":0,"ELEVTYP_T":0},"geometry":{"type":"LineString","coordinates":[[-74.8319599941514,38.9736389962675],[-74.8322237950892,38.9734465582915],[-74.8325977650871,38.9731715674761]]}},{"type":"Feature","id":45374,"properties":{"OBJECTID":45374,"PRIMENAME":"Beach Avenue","ELEVTYP_F":0,"ELEVTYP_T":0},"geometry":{"type":"LineString","coordinates":[[-74.8238641257005,38.9771362559289],[-74.8241839895473,38.9769030974692],[-74.8245075274944,38.9766662199447]]}},{"type":"Feature","id":45612,"properties":{"OBJECTID":45612,"PRIMENAME":"Seaview Avenue","ELEVTYP_F":0,"ELEVTYP_T":0},"geometry":{"type":"LineString","coordinates":[[-74.8313725251914,38.9751647749874],[-74.8309336682123,38.9754841270143],[-74.8307199904524,38.9756401195815]]}},{"type":"Feature","id":45979,"properties":{"OBJECTID":45979,"PRIMENAME":"Arctic Avenue","ELEVTYP_F":0,"ELEVTYP_T":0},"geometry":{"type":"LineString","coordinates":[[-74.8289965629311,38.9834849521326],[-74.8292020634744,38.9833348884267],[-74.8296642358006,38.9829940322978]]}},{"type":"Feature","id":46383,"properties":{"OBJECTID":46383,"PRIMENAME":"Pacific Avenue","ELEVTYP_F":0,"ELEVTYP_T":0},"geometry":{"type":"LineString","coordinates":[[-74.8223809208601,38.9832169707184],[-74.8220785223679,38.9834377204634],[-74.8217073969773,38.9837092370864]]}},{"type":"Feature","id":46810,"properties":{"OBJECTID":46810,"PRIMENAME":"Pacific Avenue","ELEVTYP_F":0,"ELEVTYP_T":0},"geometry":{"type":"LineString","coordinates":[[-74.8443378365401,38.9671313598758],[-74.8437464280465,38.9675653277191]]}},{"type":"Feature","id":47009,"properties":{"OBJECTID":47009,"PRIMENAME":"West Myrtle Road","ELEVTYP_F":0,"ELEVTYP_T":0},"geometry":{"type":"LineString","coordinates":[[-74.8384605859239,38.9740004304405],[-74.8390794747786,38.9745092790015]]}},{"type":"Feature","id":47078,"properties":{"OBJECTID":47078,"PRIMENAME":"Ocean Avenue","ELEVTYP_F":0,"ELEVTYP_T":0},"geometry":{"type":"LineString","coordinates":[[-74.832288350146,38.9719124338491],[-74.8329263774638,38.9714510157059],[-74.8329381549809,38.9714422779311]]}},{"type":"Feature","id":47079,"properties":{"OBJECTID":47079,"PRIMENAME":"Pacific Avenue","ELEVTYP_F":0,"ELEVTYP_T":0},"geometry":{"type":"LineString","coordinates":[[-74.8394405588337,38.9707210759226],[-74.8389159899063,38.9711025708076],[-74.8388002852423,38.9711881098477]]}},{"type":"Feature","id":47360,"properties":{"OBJECTID":47360,"PRIMENAME":"East Baker Avenue","ELEVTYP_F":0,"ELEVTYP_T":0},"geometry":{"type":"LineString","coordinates":[[-74.8206748456117,38.9870179351677],[-74.8201802885593,38.9866208435407],[-74.8191232177372,38.985732082302],[-74.8190391000346,38.9856622115273]]}},{"type":"Feature","id":47571,"properties":{"OBJECTID":47571,"PRIMENAME":"Bayview Avenue","ELEVTYP_F":0,"ELEVTYP_T":0},"geometry":{"type":"LineString","coordinates":[[-74.8539037091608,38.965577231889],[-74.854056931821,38.9654670703394]]}},{"type":"Feature","id":48357,"properties":{"OBJECTID":48357,"PRIMENAME":"East Rambler Road","ELEVTYP_F":0,"ELEVTYP_T":0},"geometry":{"type":"LineString","coordinates":[[-74.8363900254237,38.9702260731509],[-74.8359630926479,38.9698714407658],[-74.8356252879697,38.9695897828749]]}},{"type":"Feature","id":48635,"properties":{"OBJECTID":48635,"PRIMENAME":"Pacific Avenue","ELEVTYP_F":0,"ELEVTYP_T":0},"geometry":{"type":"LineString","coordinates":[[-74.8531399726134,38.9606864955042],[-74.8527159294402,38.9609978394668],[-74.8526008553778,38.9610833633535]]}},{"type":"Feature","id":48814,"properties":{"OBJECTID":48814,"PRIMENAME":"Seaview Avenue","ELEVTYP_F":0,"ELEVTYP_T":0},"geometry":{"type":"LineString","coordinates":[[-74.8300398972122,38.9761365718675],[-74.8296646997366,38.9764104326706],[-74.8293575560409,38.9766361290891]]}},{"type":"Feature","id":49017,"properties":{"OBJECTID":49017,"PRIMENAME":"South Station Avenue","ELEVTYP_F":0,"ELEVTYP_T":0},"geometry":{"type":"LineString","coordinates":[[-74.8522056337025,38.9573286162796],[-74.8530587498419,38.9580327654729]]}},{"type":"Feature","id":49036,"properties":{"OBJECTID":49036,"PRIMENAME":"Cresse Avenue","ELEVTYP_F":0,"ELEVTYP_T":0},"geometry":{"type":"LineString","coordinates":[[-74.8388556111089,38.9888398824846],[-74.8373246118378,38.9881078829015]]}},{"type":"Feature","id":49264,"properties":{"OBJECTID":49264,"PRIMENAME":"Pacific Avenue","ELEVTYP_F":0,"ELEVTYP_T":0},"geometry":{"type":"LineString","coordinates":[[-74.8296385352154,38.9778991109601],[-74.8292476895147,38.9781841897986],[-74.8289870547544,38.9783744976712]]}},{"type":"Feature","id":49627,"properties":{"OBJECTID":49627,"PRIMENAME":"East Cresse Avenue","ELEVTYP_F":0,"ELEVTYP_T":0},"geometry":{"type":"LineString","coordinates":[[-74.8238076988415,38.9781168168438],[-74.8232236580183,38.9776031515057]]}},{"type":"Feature","id":49657,"properties":{"OBJECTID":49657,"PRIMENAME":"Farragut Road","ELEVTYP_F":0,"ELEVTYP_T":0},"geometry":{"type":"LineString","coordinates":[[-74.8397685947719,38.9689832346898],[-74.839366503697,38.9686472146387],[-74.8387720759138,38.9681535080506],[-74.8386639433252,38.9680627973794]]}},{"type":"Feature","id":50699,"properties":{"OBJECTID":50699,"PRIMENAME":"Park Boulevard","ELEVTYP_F":0,"ELEVTYP_T":0},"geometry":{"type":"LineString","coordinates":[[-74.8459546168866,38.9684751744489],[-74.8465538278812,38.9680340059251]]}},{"type":"Feature","id":50850,"properties":{"OBJECTID":50850,"PRIMENAME":"Atlantic Avenue","ELEVTYP_F":0,"ELEVTYP_T":0},"geometry":{"type":"LineString","coordinates":[[-74.8498814699654,38.9579688328094],[-74.8498214268156,38.9580192929679],[-74.8496158182124,38.9581701811361],[-74.8493404848911,38.9583706839908]]}},{"type":"Feature","id":50952,"properties":{"OBJECTID":50952,"PRIMENAME":"Park Boulevard","ELEVTYP_F":0,"ELEVTYP_T":0},"geometry":{"type":"LineString","coordinates":[[-74.8390794747786,38.9745092790015],[-74.8390076221448,38.9746594387303],[-74.8388247472074,38.975000646781],[-74.838740364511,38.9751643241751],[-74.8387000165238,38.9752234768434]]}},{"type":"Feature","id":51009,"properties":{"OBJECTID":51009,"PRIMENAME":"Farragut Road","ELEVTYP_F":0,"ELEVTYP_T":0},"geometry":{"type":"LineString","coordinates":[[-74.8386639433252,38.9680627973794],[-74.8382514752167,38.9677169462414],[-74.8379131385623,38.9674415835619]]}},{"type":"Feature","id":51518,"properties":{"OBJECTID":51518,"PRIMENAME":"Pacific Avenue","ELEVTYP_F":0,"ELEVTYP_T":0},"geometry":{"type":"LineString","coordinates":[[-74.8210464193306,38.9841927599624],[-74.8206953084523,38.9844496386759],[-74.8203716091537,38.9846846653614]]}},{"type":"Feature","id":51753,"properties":{"OBJECTID":51753,"PRIMENAME":"East Taylor Avenue","ELEVTYP_F":0,"ELEVTYP_T":0},"geometry":{"type":"LineString","coordinates":[[-74.8207375673385,38.9818467653896],[-74.8210730949606,38.982122651562],[-74.8223809208601,38.9832169707184]]}},{"type":"Feature","id":51851,"properties":{"OBJECTID":51851,"PRIMENAME":"New Jersey Avenue","ELEVTYP_F":0,"ELEVTYP_T":0},"geometry":{"type":"LineString","coordinates":[[-74.8240124754899,38.9845780135458],[-74.8238232960108,38.9847150620669],[-74.8234191355934,38.9850098234688],[-74.8233423449842,38.9850662709674]]}},{"type":"Feature","id":52172,"properties":{"OBJECTID":52172,"PRIMENAME":"Arctic Avenue","ELEVTYP_F":0,"ELEVTYP_T":0},"geometry":{"type":"LineString","coordinates":[[-74.82097316721,38.9893569552488],[-74.8216393829066,38.9888696008431]]}},{"type":"Feature","id":52188,"properties":{"OBJECTID":52188,"PRIMENAME":"West Rosemary Road","ELEVTYP_F":0,"ELEVTYP_T":0},"geometry":{"type":"LineString","coordinates":[[-74.8352248079183,38.9763673533166],[-74.8357229798183,38.9767824383243],[-74.8367938902198,38.9776662881569]]}},{"type":"Feature","id":52622,"properties":{"OBJECTID":52622,"PRIMENAME":"East Lavender Road","ELEVTYP_F":0,"ELEVTYP_T":0},"geometry":{"type":"LineString","coordinates":[[-74.8273939076952,38.9780708677588],[-74.8275600586724,38.9782094231016],[-74.828333779028,38.9788513965225]]}},{"type":"Feature","id":52678,"properties":{"OBJECTID":52678,"PRIMENAME":"Beach Avenue","ELEVTYP_F":0,"ELEVTYP_T":0},"geometry":{"type":"LineString","coordinates":[[-74.8278358254385,38.9742658622362],[-74.8278353158166,38.9742622115554],[-74.8278408487187,38.9742414922999],[-74.8278494001329,38.974227162517],[-74.8278866444574,38.9741948762251],[-74.828156895597,38.9740026212024],[-74.8284779836818,38.9737665088204]]}},{"type":"Feature","id":53045,"properties":{"OBJECTID":53045,"PRIMENAME":"Atlantic Avenue","ELEVTYP_F":0,"ELEVTYP_T":0},"geometry":{"type":"LineString","coordinates":[[-74.8280032749046,38.9765329936252],[-74.828365288282,38.9762669461293],[-74.8286606959761,38.9760514165003]]}},{"type":"Feature","id":53073,"properties":{"OBJECTID":53073,"PRIMENAME":"Bayview Avenue","ELEVTYP_F":0,"ELEVTYP_T":0},"geometry":{"type":"LineString","coordinates":[[-74.8438653209674,38.9700331645999],[-74.8442291000545,38.9699039987882],[-74.844270859941,38.9698872924467],[-74.8445223414004,38.9697866820059],[-74.8448292454356,38.9696798957875],[-74.8450684345115,38.9696086202814],[-74.8450764451033,38.9696066191922]]}},{"type":"Feature","id":53129,"properties":{"OBJECTID":53129,"PRIMENAME":"Atlantic Avenue","ELEVTYP_F":0,"ELEVTYP_T":0},"geometry":{"type":"LineString","coordinates":[[-74.8338826496755,38.9722316466978],[-74.8342384159027,38.9719704318754],[-74.834531538767,38.9717553883998]]}},{"type":"Feature","id":53524,"properties":{"OBJECTID":53524,"PRIMENAME":"East Atlanta Avenue","ELEVTYP_F":0,"ELEVTYP_T":0},"geometry":{"type":"LineString","coordinates":[[-74.8404051736387,38.9684920700634],[-74.8406981104237,38.9687369681548],[-74.8413786574911,38.9693028759985]]}},{"type":"Feature","id":53633,"properties":{"OBJECTID":53633,"PRIMENAME":"West Baker Avenue","ELEVTYP_F":0,"ELEVTYP_T":0},"geometry":{"type":"LineString","coordinates":[[-74.8240674924455,38.9898466621919],[-74.8234444978493,38.9893230014228],[-74.8229205654462,38.9888946736816]]}},{"type":"Feature","id":54046,"properties":{"OBJECTID":54046,"PRIMENAME":"Atlantic Avenue","ELEVTYP_F":0,"ELEVTYP_T":0},"geometry":{"type":"LineString","coordinates":[[-74.8375324070265,38.9691270717921],[-74.8376317832927,38.9690330410037],[-74.8380963260778,38.9685973574575]]}},{"type":"Feature","id":54149,"properties":{"OBJECTID":54149,"PRIMENAME":"West Wisteria Road","ELEVTYP_F":0,"ELEVTYP_T":0},"geometry":{"type":"LineString","coordinates":[[-74.8339471994244,38.9773029568294],[-74.8348037167935,38.9780219176562],[-74.8357484759895,38.978799572669]]}},{"type":"Feature","id":54346,"properties":{"OBJECTID":54346,"PRIMENAME":"Park Boulevard","ELEVTYP_F":0,"ELEVTYP_T":0},"geometry":{"type":"LineString","coordinates":[[-74.8372529678337,38.9770665324884],[-74.8370015762901,38.9773906920899],[-74.8368464308249,38.9775961176185],[-74.8367938902198,38.9776662881569]]}},{"type":"Feature","id":54558,"properties":{"OBJECTID":54558,"PRIMENAME":"West Wisteria Road","ELEVTYP_F":0,"ELEVTYP_T":0},"geometry":{"type":"LineString","coordinates":[[-74.8357484759895,38.978799572669],[-74.8360524403158,38.9790497220851]]}},{"type":"Feature","id":54686,"properties":{"OBJECTID":54686,"PRIMENAME":"Ocean Avenue","ELEVTYP_F":0,"ELEVTYP_T":0},"geometry":{"type":"LineString","coordinates":[[-74.8244618422045,38.977639721913],[-74.8247791810764,38.9774083246499],[-74.8251041915582,38.977170344138]]}},{"type":"Feature","id":55857,"properties":{"OBJECTID":55857,"PRIMENAME":"West Baker Avenue","ELEVTYP_F":0,"ELEVTYP_T":0},"geometry":{"type":"LineString","coordinates":[[-74.8210855699056,38.9873611341406],[-74.8208250924542,38.9871385307962],[-74.8206748456117,38.9870179351677]]}},{"type":"Feature","id":56009,"properties":{"OBJECTID":56009,"PRIMENAME":"New Jersey Avenue","ELEVTYP_F":0,"ELEVTYP_T":0},"geometry":{"type":"LineString","coordinates":[[-74.8352248079183,38.9763673533166],[-74.8348034394689,38.9766780203624],[-74.8345852784959,38.9768372462193]]}},{"type":"Feature","id":56823,"properties":{"OBJECTID":56823,"PRIMENAME":"Pacific Avenue","ELEVTYP_F":0,"ELEVTYP_T":0},"geometry":{"type":"LineString","coordinates":[[-74.8276904871648,38.9793210143891],[-74.8275196358014,38.9794457432311],[-74.8270424872665,38.9797936895074]]}},{"type":"Feature","id":57070,"properties":{"OBJECTID":57070,"PRIMENAME":"Turtle Gut Circle","ELEVTYP_F":0,"ELEVTYP_T":0},"geometry":{"type":"LineString","coordinates":[[-74.8517362625026,38.9586859216793],[-74.8519079878638,38.9585645399112],[-74.8520327782619,38.9584022514008],[-74.8512641798718,38.9577227097764]]}},{"type":"Feature","id":57151,"properties":{"OBJECTID":57151,"PRIMENAME":"East Saint Louis Avenue","ELEVTYP_F":0,"ELEVTYP_T":0},"geometry":{"type":"LineString","coordinates":[[-74.8476090109944,38.9620289617602],[-74.8469771863114,38.9615043251397],[-74.8463464119284,38.9609768811208],[-74.8460795964035,38.9607562194239]]}},{"type":"Feature","id":57234,"properties":{"OBJECTID":57234,"PRIMENAME":"Atlantic Avenue","ELEVTYP_F":0,"ELEVTYP_T":0},"geometry":{"type":"LineString","coordinates":[[-74.8300223000929,38.9750585758165],[-74.8302593978994,38.9748857675258],[-74.8306745142909,38.9745826864573]]}},{"type":"Feature","id":57693,"properties":{"OBJECTID":57693,"PRIMENAME":"Lake Road","ELEVTYP_F":0,"ELEVTYP_T":0},"geometry":{"type":"LineString","coordinates":[[-74.8330979057442,38.9838135263825],[-74.8330858526189,38.9838614210347],[-74.8330125139403,38.9839769824933],[-74.8328234464659,38.9842993072137],[-74.8327050677444,38.9845034960796]]}},{"type":"Feature","id":57867,"properties":{"OBJECTID":57867,"PRIMENAME":"West Memphis Avenue","ELEVTYP_F":0,"ELEVTYP_T":0},"geometry":{"type":"LineString","coordinates":[[-74.8547992602819,38.9620732524705],[-74.8553092933971,38.9624943149712]]}},{"type":"Feature","id":58426,"properties":{"OBJECTID":58426,"PRIMENAME":"East Lotus Road","ELEVTYP_F":0,"ELEVTYP_T":0},"geometry":{"type":"LineString","coordinates":[[-74.8361714913708,38.9731139885995],[-74.837259834643,38.9740274942359],[-74.8378036936699,38.9744791505854]]}},{"type":"Feature","id":58767,"properties":{"OBJECTID":58767,"PRIMENAME":"East Myrtle Road","ELEVTYP_F":0,"ELEVTYP_T":0},"geometry":{"type":"LineString","coordinates":[[-74.834238563777,38.9704827590074],[-74.8351875380593,38.9712744107287]]}},{"type":"Feature","id":58940,"properties":{"OBJECTID":58940,"PRIMENAME":"Atlantic Avenue","ELEVTYP_F":0,"ELEVTYP_T":0},"geometry":{"type":"LineString","coordinates":[[-74.8363900254237,38.9702260731509],[-74.8365133418458,38.970083894151],[-74.8367109226509,38.9698995446947],[-74.8369652996487,38.9696615149173]]}},{"type":"Feature","id":59170,"properties":{"OBJECTID":59170,"PRIMENAME":"Lavender Road","ELEVTYP_F":0,"ELEVTYP_T":0},"geometry":{"type":"LineString","coordinates":[[-74.839065466553,38.9867078391926],[-74.8386646117872,38.9865228820408]]}},{"type":"Feature","id":59316,"properties":{"OBJECTID":59316,"PRIMENAME":"East Myrtle Road","ELEVTYP_F":0,"ELEVTYP_T":0},"geometry":{"type":"LineString","coordinates":[[-74.8351875380593,38.9712744107287],[-74.8354522146115,38.9714951571226],[-74.8358873182516,38.9718578404154]]}},{"type":"Feature","id":59528,"properties":{"OBJECTID":59528,"PRIMENAME":"Lavender Road","ELEVTYP_F":0,"ELEVTYP_T":0},"geometry":{"type":"LineString","coordinates":[[-74.8399466078235,38.9871152344331],[-74.839065466553,38.9867078391926]]}},{"type":"Feature","id":59531,"properties":{"OBJECTID":59531,"PRIMENAME":"East Memphis Avenue","ELEVTYP_F":0,"ELEVTYP_T":0},"geometry":{"type":"LineString","coordinates":[[-74.8514063303299,38.959249606905],[-74.8521945700557,38.9599032701362],[-74.8531399726134,38.9606864955042]]}},{"type":"Feature","id":59566,"properties":{"OBJECTID":59566,"PRIMENAME":"East Toledo Avenue","ELEVTYP_F":0,"ELEVTYP_T":0},"geometry":{"type":"LineString","coordinates":[[-74.8465538278812,38.9680340059251],[-74.8459744688352,38.9675523728222],[-74.8449425722107,38.9666910615703]]}},{"type":"Feature","id":59666,"properties":{"OBJECTID":59666,"PRIMENAME":"East Aster Road","ELEVTYP_F":0,"ELEVTYP_T":0},"geometry":{"type":"LineString","coordinates":[[-74.8286606959761,38.9760514165003],[-74.8293575560409,38.9766361290891]]}},{"type":"Feature","id":59693,"properties":{"OBJECTID":59693,"PRIMENAME":"Ocean Avenue","ELEVTYP_F":0,"ELEVTYP_T":0},"geometry":{"type":"LineString","coordinates":[[-74.8303710392658,38.9733165845954],[-74.830719175953,38.9730598506007],[-74.8310074889947,38.9728510356948]]}},{"type":"Feature","id":60012,"properties":{"OBJECTID":60012,"PRIMENAME":"Pacific Avenue","ELEVTYP_F":0,"ELEVTYP_T":0},"geometry":{"type":"LineString","coordinates":[[-74.8348765799692,38.9740652483414],[-74.8344314382748,38.9743897106671],[-74.8342347757821,38.9745336902082]]}},{"type":"Feature","id":60269,"properties":{"OBJECTID":60269,"PRIMENAME":"Seaview Avenue","ELEVTYP_F":0,"ELEVTYP_T":0},"geometry":{"type":"LineString","coordinates":[[-74.8476090109944,38.9620289617602],[-74.8470713128827,38.9624221485962]]}},{"type":"Feature","id":60958,"properties":{"OBJECTID":60958,"PRIMENAME":"East Sweetbriar Road","ELEVTYP_F":0,"ELEVTYP_T":0},"geometry":{"type":"LineString","coordinates":[[-74.8332861138054,38.9777856992452],[-74.8329505607815,38.9775098480978],[-74.8320172045971,38.976723021882],[-74.8316574192171,38.976423622394]]}},{"type":"Feature","id":60989,"properties":{"OBJECTID":60989,"PRIMENAME":"Atlantic Avenue","ELEVTYP_F":0,"ELEVTYP_T":0},"geometry":{"type":"LineString","coordinates":[[-74.8293409410632,38.9755551916147],[-74.8300223000929,38.9750585758165]]}},{"type":"Feature","id":61017,"properties":{"OBJECTID":61017,"PRIMENAME":"Park Boulevard","ELEVTYP_F":0,"ELEVTYP_T":0},"geometry":{"type":"LineString","coordinates":[[-74.8404165754195,38.9725421337012],[-74.8406878883503,38.9723447945088],[-74.8410614546382,38.972067058941]]}},{"type":"Feature","id":61078,"properties":{"OBJECTID":61078,"PRIMENAME":"West Fern Road","ELEVTYP_F":0,"ELEVTYP_T":0},"geometry":{"type":"LineString","coordinates":[[-74.8377369092664,38.976452288251],[-74.8378451039762,38.9765091710388],[-74.8380439284922,38.9766057428207]]}},{"type":"Feature","id":61438,"properties":{"OBJECTID":61438,"PRIMENAME":"New Jersey Avenue","ELEVTYP_F":0,"ELEVTYP_T":0},"geometry":{"type":"LineString","coordinates":[[-74.8397616326365,38.973040463913],[-74.8397347327609,38.9730602748051],[-74.8393312235784,38.9733574338655],[-74.8391012474936,38.973527932779]]}},{"type":"Feature","id":61654,"properties":{"OBJECTID":61654,"PRIMENAME":"Arctic Avenue","ELEVTYP_F":0,"ELEVTYP_T":0},"geometry":{"type":"LineString","coordinates":[[-74.8249780772161,38.9864352239118],[-74.8252614057175,38.9862287436705],[-74.8256508927515,38.9859413760652]]}},{"type":"Feature","id":61725,"properties":{"OBJECTID":61725,"PRIMENAME":"Memphis Avenue","ELEVTYP_F":0,"ELEVTYP_T":0},"geometry":{"type":"LineString","coordinates":[[-74.8498814699654,38.9579688328094],[-74.8497753341115,38.9578941545399],[-74.8487876706704,38.957071846245]]}},{"type":"Feature","id":62381,"properties":{"OBJECTID":62381,"PRIMENAME":"East Miami Avenue","ELEVTYP_F":0,"ELEVTYP_T":0},"geometry":{"type":"LineString","coordinates":[[-74.8407038804914,38.9659469222571],[-74.8417880640718,38.9668547974144],[-74.8418861319904,38.9669366926793]]}},{"type":"Feature","id":62565,"properties":{"OBJECTID":62565,"PRIMENAME":"Pacific Avenue","ELEVTYP_F":0,"ELEVTYP_T":0},"geometry":{"type":"LineString","coordinates":[[-74.8553414598665,38.9590695639374],[-74.8551184766436,38.9592290629958],[-74.8548092159858,38.9594575791099],[-74.8547876664064,38.9594734332365]]}},{"type":"Feature","id":63054,"properties":{"OBJECTID":63054,"PRIMENAME":"East Toledo Avenue","ELEVTYP_F":0,"ELEVTYP_T":0},"geometry":{"type":"LineString","coordinates":[[-74.8421852015286,38.964398871596],[-74.8418018206726,38.9640815581518],[-74.8411025232383,38.9634975572173]]}},{"type":"Feature","id":63239,"properties":{"OBJECTID":63239,"PRIMENAME":"West Topeka Avenue","ELEVTYP_F":0,"ELEVTYP_T":0},"geometry":{"type":"LineString","coordinates":[[-74.8511826951464,38.9675641648547],[-74.8500329412733,38.9666098126697],[-74.8493147174736,38.9660151545466]]}},{"type":"Feature","id":63833,"properties":{"OBJECTID":63833,"PRIMENAME":"Park Boulevard","ELEVTYP_F":0,"ELEVTYP_T":0},"geometry":{"type":"LineString","coordinates":[[-74.8504158398729,38.9652054250107],[-74.8507071296692,38.964990839956],[-74.8509646446281,38.9648171605344]]}},{"type":"Feature","id":63851,"properties":{"OBJECTID":63851,"PRIMENAME":"Pacific Avenue","ELEVTYP_F":0,"ELEVTYP_T":0},"geometry":{"type":"LineString","coordinates":[[-74.8536773015011,38.9602920196688],[-74.8531399726134,38.9606864955042]]}},{"type":"Feature","id":64033,"properties":{"OBJECTID":64033,"PRIMENAME":"Hudson Avenue","ELEVTYP_F":0,"ELEVTYP_T":0},"geometry":{"type":"LineString","coordinates":[[-74.8300854543249,38.9854337302926],[-74.8295110329988,38.9858568953913],[-74.8294194923933,38.9859260195491]]}},{"type":"Feature","id":64096,"properties":{"OBJECTID":64096,"PRIMENAME":"West Rio Grande Avenue","ELEVTYP_F":0,"ELEVTYP_T":0},"geometry":{"type":"LineString","coordinates":[[-74.826320900897,38.9854469961476],[-74.8269118008938,38.9859373007608],[-74.8269354627879,38.9859570048417]]}},{"type":"Feature","id":64263,"properties":{"OBJECTID":64263,"PRIMENAME":"East Rochester Avenue","ELEVTYP_F":0,"ELEVTYP_T":0},"geometry":{"type":"LineString","coordinates":[[-74.8500901047833,38.9589964142233],[-74.8499436101322,38.9588755966884],[-74.8493404848911,38.9583706839908]]}},{"type":"Feature","id":64273,"properties":{"OBJECTID":64273,"PRIMENAME":"Atlantic Avenue","ELEVTYP_F":0,"ELEVTYP_T":0},"geometry":{"type":"LineString","coordinates":[[-74.835822419653,38.9708074661631],[-74.8359244535232,38.9707314969854],[-74.8360349940918,38.9706393029354],[-74.8361052885238,38.9705682022838],[-74.8362256728083,38.9704155711734],[-74.8363900254237,38.9702260731509]]}},{"type":"Feature","id":64496,"properties":{"OBJECTID":64496,"PRIMENAME":"West Rio Grande Avenue","ELEVTYP_F":0,"ELEVTYP_T":0},"geometry":{"type":"LineString","coordinates":[[-74.8296903212456,38.988250185671],[-74.8299649151746,38.9884787145586]]}},{"type":"Feature","id":64781,"properties":{"OBJECTID":64781,"PRIMENAME":"Washington Avenue","ELEVTYP_F":0,"ELEVTYP_T":0},"geometry":{"type":"LineString","coordinates":[[-74.8230818281214,38.9858953854744],[-74.8224086056508,38.9863809821553]]}},{"type":"Feature","id":65289,"properties":{"OBJECTID":65289,"PRIMENAME":"West Andrews Avenue","ELEVTYP_F":0,"ELEVTYP_T":0},"geometry":{"type":"LineString","coordinates":[[-74.8255904372214,38.9869369947198],[-74.8249780772161,38.9864352239118]]}},{"type":"Feature","id":65524,"properties":{"OBJECTID":65524,"PRIMENAME":"East Heather Road","ELEVTYP_F":0,"ELEVTYP_T":0},"geometry":{"type":"LineString","coordinates":[[-74.8264019307601,38.9762193220823],[-74.8272430363581,38.9769261633342],[-74.8273462896816,38.9770119010357]]}},{"type":"Feature","id":65732,"properties":{"OBJECTID":65732,"PRIMENAME":"West Forget Me Not Road","ELEVTYP_F":0,"ELEVTYP_T":0},"geometry":{"type":"LineString","coordinates":[[-74.8372529678337,38.9770665324884],[-74.8371238616817,38.9769544910016],[-74.8365420031276,38.976452226146],[-74.8360890941059,38.9760801513302],[-74.835870730481,38.9758974123585]]}},{"type":"Feature","id":66046,"properties":{"OBJECTID":66046,"PRIMENAME":"Park Boulevard","ELEVTYP_F":0,"ELEVTYP_T":0},"geometry":{"type":"LineString","coordinates":[[-74.8249241090463,38.9874282431071],[-74.8246292839884,38.987645627914]]}},{"type":"Feature","id":66234,"properties":{"OBJECTID":66234,"PRIMENAME":"North Station Avenue","ELEVTYP_F":0,"ELEVTYP_T":0},"geometry":{"type":"LineString","coordinates":[[-74.8542256173737,38.9598874029585],[-74.854347523602,38.9599882724509],[-74.8554240710295,38.9608787464396],[-74.8557997920536,38.9611958458046]]}},{"type":"Feature","id":66786,"properties":{"OBJECTID":66786,"PRIMENAME":"Seaview Avenue","ELEVTYP_F":0,"ELEVTYP_T":0},"geometry":{"type":"LineString","coordinates":[[-74.8378453930526,38.9703954065295],[-74.8376293448383,38.9705568833581],[-74.8371902629912,38.9708908952116]]}},{"type":"Feature","id":67035,"properties":{"OBJECTID":67035,"PRIMENAME":"Park Boulevard","ELEVTYP_F":0,"ELEVTYP_T":0},"geometry":{"type":"LineString","coordinates":[[-74.8515370049139,38.964463859047],[-74.8517274539295,38.9643207481713],[-74.8520841654345,38.9640586516133]]}},{"type":"Feature","id":67758,"properties":{"OBJECTID":67758,"PRIMENAME":"East Cardinal Road","ELEVTYP_F":0,"ELEVTYP_T":0},"geometry":{"type":"LineString","coordinates":[[-74.8293409410632,38.9755551916147],[-74.8290625154687,38.9753270840761],[-74.8283925797344,38.9747651938292]]}},{"type":"Feature","id":68472,"properties":{"OBJECTID":68472,"PRIMENAME":"West Cresse Avenue","ELEVTYP_F":0,"ELEVTYP_T":0},"geometry":{"type":"LineString","coordinates":[[-74.8314191911681,38.984458719445],[-74.8308946217753,38.9840247985741],[-74.8302777323666,38.9835047265807]]}},{"type":"Feature","id":68670,"properties":{"OBJECTID":68670,"PRIMENAME":"Shawcrest Road","ELEVTYP_F":0,"ELEVTYP_T":0},"geometry":{"type":"LineString","coordinates":[[-74.8377076109583,38.9874798826254],[-74.837886613136,38.9872648830731],[-74.838215611912,38.9869008825402]]}},{"type":"Feature","id":69103,"properties":{"OBJECTID":69103,"PRIMENAME":"Seaview Avenue","ELEVTYP_F":0,"ELEVTYP_T":0},"geometry":{"type":"LineString","coordinates":[[-74.8423790709125,38.9664238612199],[-74.8419661719343,38.9668534792865],[-74.8418861319904,38.9669366926793]]}},{"type":"Feature","id":70064,"properties":{"OBJECTID":70064,"PRIMENAME":"Pacific Avenue","ELEVTYP_F":0,"ELEVTYP_T":0},"geometry":{"type":"LineString","coordinates":[[-74.8437464280465,38.9675653277191],[-74.8432123880076,38.967957221811],[-74.8431586611972,38.9679971395743]]}},{"type":"Feature","id":70303,"properties":{"OBJECTID":70303,"PRIMENAME":"Beach Avenue","ELEVTYP_F":0,"ELEVTYP_T":0},"geometry":{"type":"LineString","coordinates":[[-74.8264840586666,38.9752364094568],[-74.8264841824428,38.9752327020458],[-74.8264908368017,38.9752185974831],[-74.8265060673205,38.9752032599624],[-74.8266093693278,38.9751314970543],[-74.8270422343304,38.9748136608637],[-74.8270605103181,38.9748025983543],[-74.8270796549564,38.9747967241992],[-74.8270990268054,38.9747945825942]]}},{"type":"Feature","id":70434,"properties":{"OBJECTID":70434,"PRIMENAME":"Arctic Avenue","ELEVTYP_F":0,"ELEVTYP_T":0},"geometry":{"type":"LineString","coordinates":[[-74.8216393829066,38.9888696008431],[-74.8223006459133,38.9883858813646]]}},{"type":"Feature","id":70564,"properties":{"OBJECTID":70564,"PRIMENAME":"East Stockton Road","ELEVTYP_F":0,"ELEVTYP_T":0},"geometry":{"type":"LineString","coordinates":[[-74.8375324070265,38.9691270717921],[-74.8372198541021,38.9688679157708],[-74.836785757345,38.9685072937194]]}},{"type":"Feature","id":70567,"properties":{"OBJECTID":70567,"PRIMENAME":"West Cresse Avenue","ELEVTYP_F":0,"ELEVTYP_T":0},"geometry":{"type":"LineString","coordinates":[[-74.8296642358006,38.9829940322978],[-74.8292373007771,38.9826406130408],[-74.8285127488239,38.9820372241739],[-74.828030833848,38.9816368354395]]}},{"type":"Feature","id":71203,"properties":{"OBJECTID":71203,"PRIMENAME":"West Heather Road","ELEVTYP_F":0,"ELEVTYP_T":0},"geometry":{"type":"LineString","coordinates":[[-74.8327475271894,38.9815038171735],[-74.833212766409,38.9818908895028],[-74.8333405748064,38.9819958274959]]}},{"type":"Feature","id":71503,"properties":{"OBJECTID":71503,"PRIMENAME":"East Columbine Road","ELEVTYP_F":0,"ELEVTYP_T":0},"geometry":{"type":"LineString","coordinates":[[-74.8313192317018,38.9741076930567],[-74.8311245126881,38.9739450600909],[-74.8303710392658,38.9733165845954]]}},{"type":"Feature","id":71828,"properties":{"OBJECTID":71828,"PRIMENAME":"Shawcrest Road","ELEVTYP_F":0,"ELEVTYP_T":0},"geometry":{"type":"LineString","coordinates":[[-74.8373246118378,38.9881078829015],[-74.8373346101212,38.9879628824411],[-74.8374316126483,38.9878118828951],[-74.8377076109583,38.9874798826254]]}},{"type":"Feature","id":72391,"properties":{"OBJECTID":72391,"PRIMENAME":"Seaview Avenue","ELEVTYP_F":0,"ELEVTYP_T":0},"geometry":{"type":"LineString","coordinates":[[-74.8339367941203,38.9732825192376],[-74.8336369230053,38.9735080422306],[-74.8332993638597,38.9737532497227]]}},{"type":"Feature","id":72855,"properties":{"OBJECTID":72855,"PRIMENAME":"Seaview Avenue","ELEVTYP_F":0,"ELEVTYP_T":0},"geometry":{"type":"LineString","coordinates":[[-74.8409057959513,38.9679632681615],[-74.8405631977287,38.9683209820922],[-74.8404394419813,38.9684572894222],[-74.8404051736387,38.9684920700634]]}},{"type":"Feature","id":73130,"properties":{"OBJECTID":73130,"PRIMENAME":"Arctic Avenue","ELEVTYP_F":0,"ELEVTYP_T":0},"geometry":{"type":"LineString","coordinates":[[-74.826320900897,38.9854469961476],[-74.8265830834292,38.9852535181346],[-74.8269883087596,38.9849556951938]]}},{"type":"Feature","id":73459,"properties":{"OBJECTID":73459,"PRIMENAME":"Seaview Avenue","ELEVTYP_F":0,"ELEVTYP_T":0},"geometry":{"type":"LineString","coordinates":[[-74.8413955766639,38.9674492141601],[-74.840992345742,38.9678728970591],[-74.8409057959513,38.9679632681615]]}},{"type":"Feature","id":73824,"properties":{"OBJECTID":73824,"PRIMENAME":"Susquehanna Avenue","ELEVTYP_F":0,"ELEVTYP_T":0},"geometry":{"type":"LineString","coordinates":[[-74.8290160864012,38.9887437588177],[-74.8296494889998,38.9882800655884],[-74.8296903212456,38.988250185671]]}},{"type":"Feature","id":73950,"properties":{"OBJECTID":73950,"PRIMENAME":"New Jersey Avenue","ELEVTYP_F":0,"ELEVTYP_T":0},"geometry":{"type":"LineString","coordinates":[[-74.8306209758484,38.9797345092349],[-74.8300639068876,38.9801492258564],[-74.829966924188,38.9802188604675]]}},{"type":"Feature","id":74020,"properties":{"OBJECTID":74020,"PRIMENAME":"East Cresse Avenue","ELEVTYP_F":0,"ELEVTYP_T":0},"geometry":{"type":"LineString","coordinates":[[-74.8247517304858,38.9789074959038],[-74.8244322605559,38.9786427786799],[-74.8238701649979,38.9781684027417],[-74.8238076988415,38.9781168168438]]}},{"type":"Feature","id":74250,"properties":{"OBJECTID":74250,"PRIMENAME":"East Palm Road","ELEVTYP_F":0,"ELEVTYP_T":0},"geometry":{"type":"LineString","coordinates":[[-74.835517350595,38.9735957626886],[-74.8350034638429,38.9731700130547],[-74.834580038572,38.9728155576206]]}},{"type":"Feature","id":74495,"properties":{"OBJECTID":74495,"PRIMENAME":"East Cardinal Road","ELEVTYP_F":0,"ELEVTYP_T":0},"geometry":{"type":"LineString","coordinates":[[-74.8326052889113,38.9782844196572],[-74.8321432131107,38.9778984617041],[-74.8313827581034,38.9772623251258],[-74.8309762066264,38.9769217858896]]}},{"type":"Feature","id":74994,"properties":{"OBJECTID":74994,"PRIMENAME":"Cresse Avenue","ELEVTYP_F":0,"ELEVTYP_T":0},"geometry":{"type":"LineString","coordinates":[[-74.8325889819479,38.9853182438127],[-74.8323478871051,38.9852217824072],[-74.83230630344,38.9851959964756],[-74.8322989403255,38.9851897960731]]}},{"type":"Feature","id":75189,"properties":{"OBJECTID":75189,"PRIMENAME":"East Charleston Avenue","ELEVTYP_F":0,"ELEVTYP_T":0},"geometry":{"type":"LineString","coordinates":[[-74.8470713128827,38.9624221485962],[-74.84771198422,38.962956011967],[-74.8488077544773,38.9638652147578]]}},{"type":"Feature","id":75300,"properties":{"OBJECTID":75300,"PRIMENAME":"Cresse Avenue","ELEVTYP_F":0,"ELEVTYP_T":0},"geometry":{"type":"LineString","coordinates":[[-74.8401681521127,38.9895160823201],[-74.8388556111089,38.9888398824846]]}},{"type":"Feature","id":75467,"properties":{"OBJECTID":75467,"PRIMENAME":"East Topeka Avenue","ELEVTYP_F":0,"ELEVTYP_T":0},"geometry":{"type":"LineString","coordinates":[[-74.8444527911402,38.961969399809],[-74.8437894650918,38.9614203451547]]}},{"type":"Feature","id":75664,"properties":{"OBJECTID":75664,"PRIMENAME":"West Davis Avenue","ELEVTYP_F":0,"ELEVTYP_T":0},"geometry":{"type":"LineString","coordinates":[[-74.8242560827892,38.9879197121912],[-74.8239662229888,38.9876757254415],[-74.8236444119888,38.9874068672337]]}},{"type":"Feature","id":76818,"properties":{"OBJECTID":76818,"PRIMENAME":"East Lotus Road","ELEVTYP_F":0,"ELEVTYP_T":0},"geometry":{"type":"LineString","coordinates":[[-74.834531538767,38.9717553883998],[-74.8349636601963,38.9721128109017],[-74.8352358159625,38.9723379027831]]}},{"type":"Feature","id":77313,"properties":{"OBJECTID":77313,"PRIMENAME":"West Rio Grande Avenue","ELEVTYP_F":0,"ELEVTYP_T":0},"geometry":{"type":"LineString","coordinates":[[-74.8299649151746,38.9884787145586],[-74.8300383453207,38.9885398764566],[-74.8303968060017,38.9888377462089]]}},{"type":"Feature","id":78071,"properties":{"OBJECTID":78071,"PRIMENAME":"Atlantic Avenue","ELEVTYP_F":0,"ELEVTYP_T":0},"geometry":{"type":"LineString","coordinates":[[-74.8386639433252,38.9680627973794],[-74.8388639897051,38.9678741534528],[-74.8391183974755,38.9676160736361],[-74.8392237702432,38.9675043958792]]}},{"type":"Feature","id":78456,"properties":{"OBJECTID":78456,"PRIMENAME":"Atlantic Avenue","ELEVTYP_F":0,"ELEVTYP_T":0},"geometry":{"type":"LineString","coordinates":[[-74.834531538767,38.9717553883998],[-74.8351367437536,38.9713114326897],[-74.8351875380593,38.9712744107287]]}},{"type":"Feature","id":78815,"properties":{"OBJECTID":78815,"PRIMENAME":"Beach Avenue","ELEVTYP_F":0,"ELEVTYP_T":0},"geometry":{"type":"LineString","coordinates":[[-74.8251452361789,38.9761993258597],[-74.8252680856146,38.976109359029],[-74.8256972512014,38.9757953551445],[-74.8257270275893,38.9757758313417],[-74.8257617721264,38.9757582710637],[-74.8257891133183,38.9757523463125]]}},{"type":"Feature","id":78916,"properties":{"OBJECTID":78916,"PRIMENAME":"Bayview Avenue","ELEVTYP_F":0,"ELEVTYP_T":0},"geometry":{"type":"LineString","coordinates":[[-74.8506433974118,38.9679586896927],[-74.850697018145,38.9679191814058],[-74.8511826951464,38.9675641648547]]}},{"type":"Feature","id":78931,"properties":{"OBJECTID":78931,"PRIMENAME":"East Raleigh Avenue","ELEVTYP_F":0,"ELEVTYP_T":0},"geometry":{"type":"LineString","coordinates":[[-74.8520820840305,38.9563610750923],[-74.8526232799535,38.9568160491995],[-74.8536051085805,38.9576264557239]]}},{"type":"Feature","id":79655,"properties":{"OBJECTID":79655,"PRIMENAME":"West Roberts Avenue","ELEVTYP_F":0,"ELEVTYP_T":0},"geometry":{"type":"LineString","coordinates":[[-74.8200035241459,38.9875097728015],[-74.8209137997832,38.9882632026299],[-74.8216393829066,38.9888696008431]]}},{"type":"Feature","id":80308,"properties":{"OBJECTID":80308,"PRIMENAME":"Park Boulevard","ELEVTYP_F":0,"ELEVTYP_T":0},"geometry":{"type":"LineString","coordinates":[[-74.8367938902198,38.9776662881569],[-74.8366489590448,38.9778598213354],[-74.8364796734228,38.9780735516967],[-74.8363632484542,38.978217934861],[-74.8363125460088,38.9782677259012]]}},{"type":"Feature","id":80702,"properties":{"OBJECTID":80702,"PRIMENAME":"Atlantic Avenue","ELEVTYP_F":0,"ELEVTYP_T":0},"geometry":{"type":"LineString","coordinates":[[-74.8227597393594,38.9803714772351],[-74.8223085752062,38.9806997816853],[-74.8220830856078,38.98086545636]]}},{"type":"Feature","id":81011,"properties":{"OBJECTID":81011,"PRIMENAME":"West Rio Grande Avenue","ELEVTYP_F":0,"ELEVTYP_T":0},"geometry":{"type":"LineString","coordinates":[[-74.831258248072,38.9892246635685],[-74.8313295059073,38.9892421172841],[-74.8316650718133,38.9893666759231],[-74.8334233924087,38.9900065256894]]}},{"type":"Feature","id":81045,"properties":{"OBJECTID":81045,"PRIMENAME":"Channel Avenue","ELEVTYP_F":0,"ELEVTYP_T":0},"geometry":{"type":"LineString","coordinates":[[-74.8403294021548,38.9890128336915],[-74.8402642288224,38.9894505165861],[-74.8401681521127,38.9895160823201]]}},{"type":"Feature","id":81135,"properties":{"OBJECTID":81135,"PRIMENAME":"East Stanton Road","ELEVTYP_F":0,"ELEVTYP_T":0},"geometry":{"type":"LineString","coordinates":[[-74.8363837285123,38.9671695501098],[-74.8373500929229,38.9679759619723]]}},{"type":"Feature","id":81773,"properties":{"OBJECTID":81773,"PRIMENAME":"Seaview Avenue","ELEVTYP_F":0,"ELEVTYP_T":0},"geometry":{"type":"LineString","coordinates":[[-74.8273939076952,38.9780708677588],[-74.8270893677339,38.978292157337],[-74.8267482312917,38.9785420519863]]}},{"type":"Feature","id":81953,"properties":{"OBJECTID":81953,"PRIMENAME":"East Rosemary Road","ELEVTYP_F":0,"ELEVTYP_T":0},"geometry":{"type":"LineString","coordinates":[[-74.8335938065004,38.9750020702799],[-74.8345828725901,38.9758325209133],[-74.8352248079183,38.9763673533166]]}},{"type":"Feature","id":82200,"properties":{"OBJECTID":82200,"PRIMENAME":"Atlantic Avenue","ELEVTYP_F":0,"ELEVTYP_T":0},"geometry":{"type":"LineString","coordinates":[[-74.8266961812182,38.9774885621322],[-74.8271483006736,38.9771552128891],[-74.8273462896816,38.9770119010357]]}},{"type":"Feature","id":82236,"properties":{"OBJECTID":82236,"PRIMENAME":"South Station Avenue","ELEVTYP_F":0,"ELEVTYP_T":0},"geometry":{"type":"LineString","coordinates":[[-74.8547876664064,38.9594734332365],[-74.8556038520397,38.9601526622425]]}},{"type":"Feature","id":82595,"properties":{"OBJECTID":82595,"PRIMENAME":"Atlantic Avenue","ELEVTYP_F":0,"ELEVTYP_T":0},"geometry":{"type":"LineString","coordinates":[[-74.8435714072644,38.9629195352168],[-74.8440131916167,38.9624408134715]]}},{"type":"Feature","id":82637,"properties":{"OBJECTID":82637,"PRIMENAME":"Shawcrest Road","ELEVTYP_F":0,"ELEVTYP_T":0},"geometry":{"type":"LineString","coordinates":[[-74.8386646117872,38.9865228820408],[-74.8389616114529,38.986272882031],[-74.8391186125843,38.9861498830772]]}},{"type":"Feature","id":82720,"properties":{"OBJECTID":82720,"PRIMENAME":"Atlantic Avenue","ELEVTYP_F":0,"ELEVTYP_T":0},"geometry":{"type":"LineString","coordinates":[[-74.8449981804414,38.9615569263806],[-74.8455455617603,38.9611505965145]]}},{"type":"Feature","id":82905,"properties":{"OBJECTID":82905,"PRIMENAME":"Channel Drive","ELEVTYP_F":0,"ELEVTYP_T":0},"geometry":{"type":"LineString","coordinates":[[-74.8396264249353,38.9858036894925],[-74.8406764743187,38.986301455933],[-74.8407233737711,38.9863595382524],[-74.8407542416175,38.986407271396],[-74.840769121879,38.9864550503212],[-74.8407560870002,38.9865143472395],[-74.8405675388235,38.9868278101959]]}},{"type":"Feature","id":82914,"properties":{"OBJECTID":82914,"PRIMENAME":"East Atlanta Avenue","ELEVTYP_F":0,"ELEVTYP_T":0},"geometry":{"type":"LineString","coordinates":[[-74.8392237702432,38.9675043958792],[-74.8397151292186,38.9679151457614],[-74.8404051736387,38.9684920700634]]}},{"type":"Feature","id":83005,"properties":{"OBJECTID":83005,"PRIMENAME":"West Toledo Avenue","ELEVTYP_F":0,"ELEVTYP_T":0},"geometry":{"type":"LineString","coordinates":[[-74.8478772224826,38.9691346682569],[-74.846879762171,38.9683049039255],[-74.8465538278812,38.9680340059251]]}},{"type":"Feature","id":83241,"properties":{"OBJECTID":83241,"PRIMENAME":"Park Boulevard","ELEVTYP_F":0,"ELEVTYP_T":0},"geometry":{"type":"LineString","coordinates":[[-74.8471575995051,38.9675920243699],[-74.8476961501031,38.9671996591765]]}},{"type":"Feature","id":83252,"properties":{"OBJECTID":83252,"PRIMENAME":"Hudson Avenue","ELEVTYP_F":0,"ELEVTYP_T":0},"geometry":{"type":"LineString","coordinates":[[-74.8287554097135,38.9864158286111],[-74.8282067846566,38.9868062663303],[-74.8280740736959,38.9869048031333]]}},{"type":"Feature","id":83277,"properties":{"OBJECTID":83277,"PRIMENAME":"East Saint Paul Avenue","ELEVTYP_F":0,"ELEVTYP_T":0},"geometry":{"type":"LineString","coordinates":[[-74.8405204197878,38.9639553980061],[-74.8415655032872,38.9648284351077],[-74.8416821030154,38.9649248577804]]}},{"type":"Feature","id":83568,"properties":{"OBJECTID":83568,"PRIMENAME":"East Orchid Road","ELEVTYP_F":0,"ELEVTYP_T":0},"geometry":{"type":"LineString","coordinates":[[-74.8378453930526,38.9703954065295],[-74.8379745020966,38.9705030547256],[-74.8388002852423,38.9711881098477]]}},{"type":"Feature","id":84070,"properties":{"OBJECTID":84070,"PRIMENAME":"Park Boulevard","ELEVTYP_F":0,"ELEVTYP_T":0},"geometry":{"type":"LineString","coordinates":[[-74.8493147174736,38.9660151545466],[-74.849736565216,38.9657058611727],[-74.8498678091883,38.9656091713794]]}},{"type":"Feature","id":84314,"properties":{"OBJECTID":84314,"PRIMENAME":"Atlantic Avenue","ELEVTYP_F":0,"ELEVTYP_T":0},"geometry":{"type":"LineString","coordinates":[[-74.8313192317018,38.9741076930567],[-74.8314360004711,38.9740211972092],[-74.8319599941514,38.9736389962675]]}},{"type":"Feature","id":84499,"properties":{"OBJECTID":84499,"PRIMENAME":"Cardinal Road","ELEVTYP_F":0,"ELEVTYP_T":0},"geometry":{"type":"LineString","coordinates":[[-74.8348567708432,38.980151716939],[-74.834550890199,38.9798981637782]]}},{"type":"Feature","id":84883,"properties":{"OBJECTID":84883,"PRIMENAME":"West Jefferson Avenue","ELEVTYP_F":0,"ELEVTYP_T":0},"geometry":{"type":"LineString","coordinates":[[-74.8550234605687,38.9647983210872],[-74.8546489083585,38.9644929127541],[-74.8533635877294,38.9634208785024],[-74.8531750592437,38.9632626559515]]}},{"type":"Feature","id":85157,"properties":{"OBJECTID":85157,"PRIMENAME":"West Richmond Avenue","ELEVTYP_F":0,"ELEVTYP_T":0},"geometry":{"type":"LineString","coordinates":[[-74.8537285435531,38.9628596467608],[-74.8545703438792,38.9635625337656],[-74.8547091048235,38.963678393382]]}},{"type":"Feature","id":85558,"properties":{"OBJECTID":85558,"PRIMENAME":"West Fern Road","ELEVTYP_F":0,"ELEVTYP_T":0},"geometry":{"type":"LineString","coordinates":[[-74.8365149313362,38.9754295591712],[-74.8369823305129,38.9758164998682],[-74.8377369092664,38.976452288251]]}},{"type":"Feature","id":85993,"properties":{"OBJECTID":85993,"PRIMENAME":"Atlantic Avenue","ELEVTYP_F":0,"ELEVTYP_T":0},"geometry":{"type":"LineString","coordinates":[[-74.8440131916167,38.9624408134715],[-74.8441745513978,38.9622658936575],[-74.8443987066219,38.9620289788735],[-74.8444527911402,38.961969399809]]}},{"type":"Feature","id":86215,"properties":{"OBJECTID":86215,"PRIMENAME":"Park Boulevard","ELEVTYP_F":0,"ELEVTYP_T":0},"geometry":{"type":"LineString","coordinates":[[-74.8229205654462,38.9888946736816],[-74.8225851100659,38.9891392673226],[-74.8222542530262,38.989382227539]]}},{"type":"Feature","id":86363,"properties":{"OBJECTID":86363,"PRIMENAME":"Seaview Avenue","ELEVTYP_F":0,"ELEVTYP_T":0},"geometry":{"type":"LineString","coordinates":[[-74.8261045883558,38.9790135566502],[-74.8258781996518,38.9791794060563],[-74.8254523479062,38.9794914247121]]}},{"type":"Feature","id":86440,"properties":{"OBJECTID":86440,"PRIMENAME":"East Newark Avenue","ELEVTYP_F":0,"ELEVTYP_T":0},"geometry":{"type":"LineString","coordinates":[[-74.8486883858956,38.9612396598154],[-74.8482286382117,38.9608573825285],[-74.8471630039617,38.9599649979085]]}},{"type":"Feature","id":86496,"properties":{"OBJECTID":86496,"PRIMENAME":"East Leaming Avenue","ELEVTYP_F":0,"ELEVTYP_T":0},"geometry":{"type":"LineString","coordinates":[[-74.8243945922466,38.9817434626701],[-74.825009955507,38.9822578038226],[-74.8260303871456,38.9830999353804]]}},{"type":"Feature","id":86538,"properties":{"OBJECTID":86538,"PRIMENAME":"Seaview Avenue","ELEVTYP_F":0,"ELEVTYP_T":0},"geometry":{"type":"LineString","coordinates":[[-74.8514063303299,38.959249606905],[-74.851147383934,38.9594394389017]]}},{"type":"Feature","id":86545,"properties":{"OBJECTID":86545,"PRIMENAME":"West Preston Avenue","ELEVTYP_F":0,"ELEVTYP_T":0},"geometry":{"type":"LineString","coordinates":[[-74.8496467682267,38.9679804891197],[-74.8494670900557,38.967834674264],[-74.8482378778216,38.9668038496967]]}},{"type":"Feature","id":86574,"properties":{"OBJECTID":86574,"PRIMENAME":"Ocean Avenue","ELEVTYP_F":0,"ELEVTYP_T":0},"geometry":{"type":"LineString","coordinates":[[-74.8335834913682,38.9709660629042],[-74.8340670850512,38.9706092290361],[-74.834238563777,38.9704827590074]]}},{"type":"Feature","id":86636,"properties":{"OBJECTID":86636,"PRIMENAME":"West Montgomery Avenue","ELEVTYP_F":0,"ELEVTYP_T":0},"geometry":{"type":"LineString","coordinates":[[-74.8213386987035,38.9865337193101],[-74.8217497021024,38.9868686227461]]}},{"type":"Feature","id":87464,"properties":{"OBJECTID":87464,"PRIMENAME":"Pacific Avenue","ELEVTYP_F":0,"ELEVTYP_T":0},"geometry":{"type":"LineString","coordinates":[[-74.8257312912255,38.9807682872596],[-74.8254364780499,38.9809814726399],[-74.8250565421027,38.9812593675557]]}},{"type":"Feature","id":87734,"properties":{"OBJECTID":87734,"PRIMENAME":"New Jersey Avenue","ELEVTYP_F":0,"ELEVTYP_T":0},"geometry":{"type":"LineString","coordinates":[[-74.8233423449842,38.9850662709674],[-74.8227692149619,38.9854879165575],[-74.8226783983855,38.985554892082]]}},{"type":"Feature","id":88222,"properties":{"OBJECTID":88222,"PRIMENAME":"Seaview Avenue","ELEVTYP_F":0,"ELEVTYP_T":0},"geometry":{"type":"LineString","coordinates":[[-74.8497760368197,38.9604360992097],[-74.8492272808358,38.9608431133702]]}},{"type":"Feature","id":88315,"properties":{"OBJECTID":88315,"PRIMENAME":"Saint Paul Avenue","ELEVTYP_F":0,"ELEVTYP_T":0},"geometry":{"type":"LineString","coordinates":[[-74.8459546168866,38.9684751744489],[-74.8467939544821,38.9691798106116]]}},{"type":"Feature","id":88360,"properties":{"OBJECTID":88360,"PRIMENAME":"East Crocus Road","ELEVTYP_F":0,"ELEVTYP_T":0},"geometry":{"type":"LineString","coordinates":[[-74.8270569086613,38.9757402877184],[-74.8265023413287,38.9752802917522],[-74.8264920082362,38.9752671130621],[-74.8264878734742,38.9752551250914],[-74.826483779011,38.9752443729963],[-74.8264840586666,38.9752364094568]]}},{"type":"Feature","id":88411,"properties":{"OBJECTID":88411,"PRIMENAME":"Atlantic Avenue","ELEVTYP_F":0,"ELEVTYP_T":0},"geometry":{"type":"LineString","coordinates":[[-74.8485324646197,38.9589591696418],[-74.848248109128,38.9591662641751]]}},{"type":"Feature","id":88547,"properties":{"OBJECTID":88547,"PRIMENAME":"East Montgomery Avenue","ELEVTYP_F":0,"ELEVTYP_T":0},"geometry":{"type":"LineString","coordinates":[[-74.8197063395046,38.9851723669839],[-74.8209936908957,38.9862279037679],[-74.821237563432,38.9864512380473],[-74.8213386987035,38.9865337193101]]}},{"type":"Feature","id":89547,"properties":{"OBJECTID":89547,"PRIMENAME":"Arctic Avenue","ELEVTYP_F":0,"ELEVTYP_T":0},"geometry":{"type":"LineString","coordinates":[[-74.8236444119888,38.9874068672337],[-74.8243115470507,38.9869208128767]]}},{"type":"Feature","id":89978,"properties":{"OBJECTID":89978,"PRIMENAME":"West Montgomery Avenue","ELEVTYP_F":0,"ELEVTYP_T":0},"geometry":{"type":"LineString","coordinates":[[-74.8229770896909,38.9878925876504],[-74.823591996068,38.9884050703492]]}},{"type":"Feature","id":90124,"properties":{"OBJECTID":90124,"PRIMENAME":"Seaview Avenue","ELEVTYP_F":0,"ELEVTYP_T":0},"geometry":{"type":"LineString","coordinates":[[-74.851955797716,38.9588467864362],[-74.8514063303299,38.959249606905]]}},{"type":"Feature","id":91251,"properties":{"OBJECTID":91251,"PRIMENAME":"Arctic Avenue","ELEVTYP_F":0,"ELEVTYP_T":0},"geometry":{"type":"LineString","coordinates":[[-74.8269883087596,38.9849556951938],[-74.8276576930279,38.9844637128003]]}},{"type":"Feature","id":91620,"properties":{"OBJECTID":91620,"PRIMENAME":"New Jersey Avenue","ELEVTYP_F":0,"ELEVTYP_T":0},"geometry":{"type":"LineString","coordinates":[[-74.8312719941533,38.979257714877],[-74.8309483788443,38.9794907663607],[-74.8306209758484,38.9797345092349]]}},{"type":"Feature","id":91915,"properties":{"OBJECTID":91915,"PRIMENAME":"West Burk Avenue","ELEVTYP_F":0,"ELEVTYP_T":0},"geometry":{"type":"LineString","coordinates":[[-74.8226783983855,38.985554892082],[-74.8230818281214,38.9858953854744]]}},{"type":"Feature","id":92061,"properties":{"OBJECTID":92061,"PRIMENAME":"East Hildreth Avenue","ELEVTYP_F":0,"ELEVTYP_T":0},"geometry":{"type":"LineString","coordinates":[[-74.8240850207945,38.9794004158433],[-74.824201447048,38.9794971850391],[-74.8251930673311,38.9803118361462],[-74.8257312912255,38.9807682872596]]}},{"type":"Feature","id":93707,"properties":{"OBJECTID":93707,"PRIMENAME":"Hudson Avenue","ELEVTYP_F":0,"ELEVTYP_T":0},"geometry":{"type":"LineString","coordinates":[[-74.830749466016,38.9849474839342],[-74.8303359009544,38.9852492974182],[-74.8300854543249,38.9854337302926]]}},{"type":"Feature","id":93928,"properties":{"OBJECTID":93928,"PRIMENAME":"Beach Avenue","ELEVTYP_F":0,"ELEVTYP_T":0},"geometry":{"type":"LineString","coordinates":[[-74.8232236580183,38.9776031515057],[-74.8232559140919,38.9775796396413],[-74.823535079232,38.9773761296967],[-74.8238641257005,38.9771362559289]]}},{"type":"Feature","id":94915,"properties":{"OBJECTID":94915,"PRIMENAME":"Lake Road","ELEVTYP_F":0,"ELEVTYP_T":0},"geometry":{"type":"LineString","coordinates":[[-74.8334689101746,38.9810804637648],[-74.8333678456563,38.981787229942],[-74.8333405748064,38.9819958274959]]}},{"type":"Feature","id":95229,"properties":{"OBJECTID":95229,"PRIMENAME":"Park Boulevard","ELEVTYP_F":0,"ELEVTYP_T":0},"geometry":{"type":"LineString","coordinates":[[-74.8363125460088,38.9782677259012],[-74.8361654457304,38.978412388251],[-74.8359499385147,38.9786124677292],[-74.8357945339408,38.9787569066751],[-74.8357484759895,38.978799572669]]}},{"type":"Feature","id":95501,"properties":{"OBJECTID":95501,"PRIMENAME":"East Topeka Avenue","ELEVTYP_F":0,"ELEVTYP_T":0},"geometry":{"type":"LineString","coordinates":[[-74.8459692128959,38.9632322885738],[-74.8447567913889,38.9622210650135],[-74.8444527911402,38.961969399809]]}},{"type":"Feature","id":95909,"properties":{"OBJECTID":95909,"PRIMENAME":"New Jersey Avenue","ELEVTYP_F":0,"ELEVTYP_T":0},"geometry":{"type":"LineString","coordinates":[[-74.8226783983855,38.985554892082],[-74.8223691967036,38.9857827177916],[-74.822004610258,38.986047764308]]}},{"type":"Feature","id":95990,"properties":{"OBJECTID":95990,"PRIMENAME":"East Hand Avenue","ELEVTYP_F":0,"ELEVTYP_T":0},"geometry":{"type":"LineString","coordinates":[[-74.8237266729814,38.982232100114],[-74.8229892328335,38.9816067458846],[-74.8225337480652,38.9812401724856],[-74.8220830856078,38.98086545636]]}},{"type":"Feature","id":96063,"properties":{"OBJECTID":96063,"PRIMENAME":"West Heather Road","ELEVTYP_F":0,"ELEVTYP_T":0},"geometry":{"type":"LineString","coordinates":[[-74.8306209758484,38.9797345092349],[-74.8308271148465,38.9799062542663],[-74.8319945306054,38.9808774111362],[-74.8327475271894,38.9815038171735]]}},{"type":"Feature","id":98488,"properties":{"OBJECTID":98488,"PRIMENAME":"West Monterey Avenue","ELEVTYP_F":0,"ELEVTYP_T":0},"geometry":{"type":"LineString","coordinates":[[-74.8459822398675,38.969431882548],[-74.8453608873638,38.9689093212145]]}},{"type":"Feature","id":100233,"properties":{"OBJECTID":100233,"PRIMENAME":"Park Boulevard","ELEVTYP_F":0,"ELEVTYP_T":0},"geometry":{"type":"LineString","coordinates":[[-74.823591996068,38.9884050703492],[-74.8229205654462,38.9888946736816]]}},{"type":"Feature","id":100288,"properties":{"OBJECTID":100288,"PRIMENAME":"West Columbine Road","ELEVTYP_F":0,"ELEVTYP_T":0},"geometry":{"type":"LineString","coordinates":[[-74.8366374139183,38.9785344534583],[-74.8363125460088,38.9782677259012]]}},{"type":"Feature","id":100315,"properties":{"OBJECTID":100315,"PRIMENAME":"Park Boulevard","ELEVTYP_F":0,"ELEVTYP_T":0},"geometry":{"type":"LineString","coordinates":[[-74.8476961501031,38.9671996591765],[-74.847943411834,38.9670194812191],[-74.8482378778216,38.9668038496967]]}},{"type":"Feature","id":100381,"properties":{"OBJECTID":100381,"PRIMENAME":"Bayview Avenue","ELEVTYP_F":0,"ELEVTYP_T":0},"geometry":{"type":"LineString","coordinates":[[-74.8533576784707,38.965969703365],[-74.8539037091608,38.965577231889]]}},{"type":"Feature","id":100970,"properties":{"OBJECTID":100970,"PRIMENAME":"Pacific Avenue","ELEVTYP_F":0,"ELEVTYP_T":0},"geometry":{"type":"LineString","coordinates":[[-74.8449425722107,38.9666910615703],[-74.844378352419,38.96710163963],[-74.8443378365401,38.9671313598758]]}},{"type":"Feature","id":101258,"properties":{"OBJECTID":101258,"PRIMENAME":"Morning Glory Road","ELEVTYP_F":0,"ELEVTYP_T":0},"geometry":{"type":"LineString","coordinates":[[-74.8403868352597,38.9885197584637],[-74.8398322667986,38.9882122146009]]}},{"type":"Feature","id":101400,"properties":{"OBJECTID":101400,"PRIMENAME":"Seaview Avenue","ELEVTYP_F":0,"ELEVTYP_T":0},"geometry":{"type":"LineString","coordinates":[[-74.8358873182516,38.9718578404154],[-74.8353026306433,38.9722892198824],[-74.8352358159625,38.9723379027831]]}},{"type":"Feature","id":101854,"properties":{"OBJECTID":101854,"PRIMENAME":"Channel Drive","ELEVTYP_F":0,"ELEVTYP_T":0},"geometry":{"type":"LineString","coordinates":[[-74.8404942532834,38.9873317963325],[-74.8403868352597,38.9885197584637]]}},{"type":"Feature","id":103138,"properties":{"OBJECTID":103138,"PRIMENAME":"Pacific Avenue","ELEVTYP_F":0,"ELEVTYP_T":0},"geometry":{"type":"LineString","coordinates":[[-74.8243945922466,38.9817434626701],[-74.823940839317,38.9820753227548],[-74.8237266729814,38.982232100114]]}},{"type":"Feature","id":103269,"properties":{"OBJECTID":103269,"PRIMENAME":"Ocean Avenue","ELEVTYP_F":0,"ELEVTYP_T":0},"geometry":{"type":"LineString","coordinates":[[-74.8290721332994,38.9742661715693],[-74.8297244505382,38.9737900403289]]}},{"type":"Feature","id":104214,"properties":{"OBJECTID":104214,"PRIMENAME":"East Wisteria Road","ELEVTYP_F":0,"ELEVTYP_T":0},"geometry":{"type":"LineString","coordinates":[[-74.8313725251914,38.9751647749874],[-74.8323099029865,38.9759448404656]]}},{"type":"Feature","id":105471,"properties":{"OBJECTID":105471,"PRIMENAME":"Morning Glory Road","ELEVTYP_F":0,"ELEVTYP_T":0},"geometry":{"type":"LineString","coordinates":[[-74.8398322667986,38.9882122146009],[-74.8389785759123,38.9878215967213]]}},{"type":"Feature","id":107609,"properties":{"OBJECTID":107609,"PRIMENAME":"West Taylor Avenue","ELEVTYP_F":0,"ELEVTYP_T":0},"geometry":{"type":"LineString","coordinates":[[-74.8262620936892,38.9864510544139],[-74.8270144353831,38.9870784319638],[-74.8274025048464,38.9874002270637]]}},{"type":"Feature","id":108575,"properties":{"OBJECTID":108575,"PRIMENAME":"East Columbine Road","ELEVTYP_F":0,"ELEVTYP_T":0},"geometry":{"type":"LineString","coordinates":[[-74.8329525931123,38.975472370852],[-74.832479265383,38.9750765609171],[-74.8320181650074,38.9746914507637]]}},{"type":"Feature","id":108654,"properties":{"OBJECTID":108654,"PRIMENAME":"West Hand Avenue","ELEVTYP_F":0,"ELEVTYP_T":0},"geometry":{"type":"LineString","coordinates":[[-74.8287554097135,38.9864158286111],[-74.8285578001986,38.9862504819826],[-74.8281022192937,38.985875775442],[-74.8276079777575,38.9854627339429]]}},{"type":"Feature","id":109115,"properties":{"OBJECTID":109115,"PRIMENAME":"Pacific Avenue","ELEVTYP_F":0,"ELEVTYP_T":0},"geometry":{"type":"LineString","coordinates":[[-74.8515153245065,38.9618843898154],[-74.8509585274792,38.9622872625158]]}},{"type":"Feature","id":110153,"properties":{"OBJECTID":110153,"PRIMENAME":"East Topeka Avenue","ELEVTYP_F":0,"ELEVTYP_T":0},"geometry":{"type":"LineString","coordinates":[[-74.8493147174736,38.9660151545466],[-74.848847915584,38.9656285617029],[-74.8477000562398,38.9646747849364]]}},{"type":"Feature","id":111476,"properties":{"OBJECTID":111476,"PRIMENAME":"Seaview Avenue","ELEVTYP_F":0,"ELEVTYP_T":0},"geometry":{"type":"LineString","coordinates":[[-74.8470713128827,38.9624221485962],[-74.8470620606709,38.962428930818],[-74.8465744924428,38.9627897836584],[-74.846523710531,38.9628268934537]]}},{"type":"Feature","id":111528,"properties":{"OBJECTID":111528,"PRIMENAME":"East Aster Road","ELEVTYP_F":0,"ELEVTYP_T":0},"geometry":{"type":"LineString","coordinates":[[-74.8302942144127,38.9774208808841],[-74.8304651398527,38.977563976967],[-74.8314345499186,38.9783738049881],[-74.8319260299851,38.9787814289784]]}},{"type":"Feature","id":112380,"properties":{"OBJECTID":112380,"PRIMENAME":"East Andrews Avenue","ELEVTYP_F":0,"ELEVTYP_T":0},"geometry":{"type":"LineString","coordinates":[[-74.8233423449842,38.9850662709674],[-74.8230379952279,38.9848125196109],[-74.8217936257453,38.9837792929238],[-74.8217073969773,38.9837092370864]]}},{"type":"Feature","id":112407,"properties":{"OBJECTID":112407,"PRIMENAME":"East Crocus Road","ELEVTYP_F":0,"ELEVTYP_T":0},"geometry":{"type":"LineString","coordinates":[[-74.8280032749046,38.9765329936252],[-74.8277743716244,38.9763414820641],[-74.8270569086613,38.9757402877184]]}},{"type":"Feature","id":112888,"properties":{"OBJECTID":112888,"PRIMENAME":"West Andrews Avenue","ELEVTYP_F":0,"ELEVTYP_T":0},"geometry":{"type":"LineString","coordinates":[[-74.8267372408297,38.9878919223898],[-74.8258823540361,38.9871761656051],[-74.8255904372214,38.9869369947198]]}},{"type":"Feature","id":113665,"properties":{"OBJECTID":113665,"PRIMENAME":"Ibis Lane","ELEVTYP_F":0,"ELEVTYP_T":0},"geometry":{"type":"LineString","coordinates":[[-74.8512641798718,38.9577227097764],[-74.8516483616986,38.9574478978442],[-74.8518055146306,38.957333402208],[-74.8518458284394,38.9572169767492],[-74.8513031487755,38.95674199704]]}},{"type":"Feature","id":113704,"properties":{"OBJECTID":113704,"PRIMENAME":"New Jersey Avenue","ELEVTYP_F":0,"ELEVTYP_T":0},"geometry":{"type":"LineString","coordinates":[[-74.8273598008284,38.982123388973],[-74.8270395547436,38.9823603190332],[-74.8266960160234,38.9826123894012]]}},{"type":"Feature","id":114081,"properties":{"OBJECTID":114081,"PRIMENAME":"Carroll Avenue","ELEVTYP_F":0,"ELEVTYP_T":0},"geometry":{"type":"LineString","coordinates":[[-74.8398782390272,38.9876666723711],[-74.8399466078235,38.9871152344331]]}},{"type":"Feature","id":115186,"properties":{"OBJECTID":115186,"PRIMENAME":"East Charleston Avenue","ELEVTYP_F":0,"ELEVTYP_T":0},"geometry":{"type":"LineString","coordinates":[[-74.8448302018434,38.9605543908536],[-74.8455455617603,38.9611505965145]]}},{"type":"Feature","id":115253,"properties":{"OBJECTID":115253,"PRIMENAME":"Park Boulevard","ELEVTYP_F":0,"ELEVTYP_T":0},"geometry":{"type":"LineString","coordinates":[[-74.8289429955497,38.9844836830534],[-74.8282755077442,38.9849730324409]]}},{"type":"Feature","id":115415,"properties":{"OBJECTID":115415,"PRIMENAME":"Lavender Road","ELEVTYP_F":0,"ELEVTYP_T":0},"geometry":{"type":"LineString","coordinates":[[-74.8404942532834,38.9873317963325],[-74.8399466078235,38.9871152344331]]}},{"type":"Feature","id":116346,"properties":{"OBJECTID":116346,"PRIMENAME":"East Morning Glory Road","ELEVTYP_F":0,"ELEVTYP_T":0},"geometry":{"type":"LineString","coordinates":[[-74.8238641257005,38.9771362559289],[-74.8244618422045,38.977639721913]]}},{"type":"Feature","id":116977,"properties":{"OBJECTID":116977,"PRIMENAME":"West Cardinal Road","ELEVTYP_F":0,"ELEVTYP_T":0},"geometry":{"type":"LineString","coordinates":[[-74.834550890199,38.9798981637782],[-74.8342388672858,38.9796395212892],[-74.8333660432889,38.9789196689247],[-74.8326052889113,38.9782844196572]]}},{"type":"Feature","id":117641,"properties":{"OBJECTID":117641,"PRIMENAME":"Atlantic Avenue","ELEVTYP_F":0,"ELEVTYP_T":0},"geometry":{"type":"LineString","coordinates":[[-74.8476994203069,38.9595724188164],[-74.8480880500631,38.9592873120803],[-74.848248109128,38.9591662641751]]}},{"type":"Feature","id":117649,"properties":{"OBJECTID":117649,"PRIMENAME":"West Trenton Avenue","ELEVTYP_F":0,"ELEVTYP_T":0},"geometry":{"type":"LineString","coordinates":[[-74.8515370049139,38.964463859047],[-74.8526507461629,38.9653796169678],[-74.8533576784707,38.965969703365]]}},{"type":"Feature","id":117850,"properties":{"OBJECTID":117850,"PRIMENAME":"East Morning Glory Road","ELEVTYP_F":0,"ELEVTYP_T":0},"geometry":{"type":"LineString","coordinates":[[-74.8261045883558,38.9790135566502],[-74.8262732109323,38.9791540563696],[-74.8270424872665,38.9797936895074]]}},{"type":"Feature","id":118115,"properties":{"OBJECTID":118115,"PRIMENAME":"Pacific Avenue","ELEVTYP_F":0,"ELEVTYP_T":0},"geometry":{"type":"LineString","coordinates":[[-74.8504203843838,38.9626795039497],[-74.8498802514497,38.9630763621943]]}},{"type":"Feature","id":118167,"properties":{"OBJECTID":118167,"PRIMENAME":"West Davis Avenue","ELEVTYP_F":0,"ELEVTYP_T":0},"geometry":{"type":"LineString","coordinates":[[-74.8236444119888,38.9874068672337],[-74.8230223755588,38.9868872101454],[-74.8224086056508,38.9863809821553]]}},{"type":"Feature","id":118719,"properties":{"OBJECTID":118719,"PRIMENAME":"East Memphis Avenue","ELEVTYP_F":0,"ELEVTYP_T":0},"geometry":{"type":"LineString","coordinates":[[-74.8531399726134,38.9606864955042],[-74.8533664115964,38.9608740933272],[-74.8545411397056,38.961860162776],[-74.8547992602819,38.9620732524705]]}},{"type":"Feature","id":118738,"properties":{"OBJECTID":118738,"PRIMENAME":"Park Boulevard","ELEVTYP_F":0,"ELEVTYP_T":0},"geometry":{"type":"LineString","coordinates":[[-74.8262620936892,38.9864510544139],[-74.8257349369446,38.9868304092335],[-74.8255904372214,38.9869369947198]]}},{"type":"Feature","id":118797,"properties":{"OBJECTID":118797,"PRIMENAME":"West Columbine Road","ELEVTYP_F":0,"ELEVTYP_T":0},"geometry":{"type":"LineString","coordinates":[[-74.8363125460088,38.9782677259012],[-74.8348062541891,38.9770218466675],[-74.8345852784959,38.9768372462193]]}},{"type":"Feature","id":119014,"properties":{"OBJECTID":119014,"PRIMENAME":"West Rio Grande Avenue","ELEVTYP_F":0,"ELEVTYP_T":0},"geometry":{"type":"LineString","coordinates":[[-74.830929434109,38.9892803493032],[-74.8309811869066,38.989257054813],[-74.8310436100273,38.9892359542608],[-74.8311060656042,38.9892218280724],[-74.8311596529509,38.9892147294361],[-74.8312311263665,38.9892180138105],[-74.831258248072,38.9892246635685]]}},{"type":"Feature","id":119107,"properties":{"OBJECTID":119107,"PRIMENAME":"Shawcrest Road","ELEVTYP_F":0,"ELEVTYP_T":0},"geometry":{"type":"LineString","coordinates":[[-74.838215611912,38.9869008825402],[-74.8386646117872,38.9865228820408]]}},{"type":"Feature","id":119898,"properties":{"OBJECTID":119898,"PRIMENAME":"Bayview Avenue","ELEVTYP_F":0,"ELEVTYP_T":0},"geometry":{"type":"LineString","coordinates":[[-74.8511826951464,38.9675641648547],[-74.851269014044,38.9675010524811],[-74.8517302191209,38.9671630778251]]}},{"type":"Feature","id":120105,"properties":{"OBJECTID":120105,"PRIMENAME":"East Louisville Avenue","ELEVTYP_F":0,"ELEVTYP_T":0},"geometry":{"type":"LineString","coordinates":[[-74.8442016799836,38.969769093788],[-74.8433349749038,38.9690736246026],[-74.8425698793052,38.9684317242968]]}},{"type":"Feature","id":121629,"properties":{"OBJECTID":121629,"PRIMENAME":"Park Boulevard","ELEVTYP_F":0,"ELEVTYP_T":0},"geometry":{"type":"LineString","coordinates":[[-74.8442016799836,38.969769093788],[-74.8445213725111,38.9695140222151],[-74.8447665236821,38.9693374544268]]}},{"type":"Feature","id":122840,"properties":{"OBJECTID":122840,"PRIMENAME":"East Saint Paul Avenue","ELEVTYP_F":0,"ELEVTYP_T":0},"geometry":{"type":"LineString","coordinates":[[-74.84287270084,38.9659100634879],[-74.8443378365401,38.9671313598758]]}},{"type":"Feature","id":127348,"properties":{"OBJECTID":127348,"PRIMENAME":"Atlantic Avenue","ELEVTYP_F":0,"ELEVTYP_T":0},"geometry":{"type":"LineString","coordinates":[[-74.8369652996487,38.9696615149173],[-74.8371697034242,38.9694702254142],[-74.8375324070265,38.9691270717921]]}},{"type":"Feature","id":129015,"properties":{"OBJECTID":129015,"PRIMENAME":"Ocean Avenue","ELEVTYP_F":0,"ELEVTYP_T":0},"geometry":{"type":"LineString","coordinates":[[-74.8329381549809,38.9714422779311],[-74.8335834913682,38.9709660629042]]}},{"type":"Feature","id":130194,"properties":{"OBJECTID":130194,"PRIMENAME":"Park Boulevard","ELEVTYP_F":0,"ELEVTYP_T":0},"geometry":{"type":"LineString","coordinates":[[-74.8531750592437,38.9632626559515],[-74.8534580778539,38.9630582931429]]}},{"type":"Feature","id":130719,"properties":{"OBJECTID":130719,"PRIMENAME":"East Rambler Road","ELEVTYP_F":0,"ELEVTYP_T":0},"geometry":{"type":"LineString","coordinates":[[-74.8381373188638,38.9716780519679],[-74.8371902629912,38.9708908952116]]}},{"type":"Feature","id":131325,"properties":{"OBJECTID":131325,"PRIMENAME":"Hudson Avenue","ELEVTYP_F":0,"ELEVTYP_T":0},"geometry":{"type":"LineString","coordinates":[[-74.8280740736959,38.9869048031333],[-74.8278054952783,38.9871042201914],[-74.8274710187238,38.9873495936042],[-74.8274025048464,38.9874002270637]]}},{"type":"Feature","id":132537,"properties":{"OBJECTID":132537,"PRIMENAME":"East Preston Avenue","ELEVTYP_F":0,"ELEVTYP_T":0},"geometry":{"type":"LineString","coordinates":[[-74.8448924076467,38.964019965769],[-74.844470124509,38.9636678764292],[-74.8438347775113,38.9631404055019],[-74.8435714072644,38.9629195352168]]}},{"type":"Feature","id":132791,"properties":{"OBJECTID":132791,"PRIMENAME":"East Rochester Avenue","ELEVTYP_F":0,"ELEVTYP_T":0},"geometry":{"type":"LineString","coordinates":[[-74.8542649365286,38.9624653081138],[-74.853522548468,38.9618474910985],[-74.8526008553778,38.9610833633535]]}},{"type":"Feature","id":133111,"properties":{"OBJECTID":133111,"PRIMENAME":"East Lavender Road","ELEVTYP_F":0,"ELEVTYP_T":0},"geometry":{"type":"LineString","coordinates":[[-74.8257480007454,38.9766990092527],[-74.82608823035,38.9769810453679],[-74.8266961812182,38.9774885621322]]}},{"type":"Feature","id":133185,"properties":{"OBJECTID":133185,"PRIMENAME":"East Orchid Road","ELEVTYP_F":0,"ELEVTYP_T":0},"geometry":{"type":"LineString","coordinates":[[-74.8362188930759,38.9690410740397],[-74.8363932584713,38.9691844535372],[-74.8369652996487,38.9696615149173]]}},{"type":"Feature","id":133869,"properties":{"OBJECTID":133869,"PRIMENAME":"East Washington Avenue","ELEVTYP_F":0,"ELEVTYP_T":0},"geometry":{"type":"LineString","coordinates":[[-74.8509585274792,38.9622872625158],[-74.8513171191198,38.962585151899],[-74.8522146383656,38.9633316244521],[-74.8526198162687,38.9636669047045]]}},{"type":"Feature","id":134369,"properties":{"OBJECTID":134369,"PRIMENAME":"East Rochester Avenue","ELEVTYP_F":0,"ELEVTYP_T":0},"geometry":{"type":"LineString","coordinates":[[-74.8526008553778,38.9610833633535],[-74.8522027175243,38.9607533064714],[-74.8518914860476,38.9604928431174]]}},{"type":"Feature","id":137026,"properties":{"OBJECTID":137026,"PRIMENAME":"Shawcrest Road","ELEVTYP_F":0,"ELEVTYP_T":0},"geometry":{"type":"LineString","coordinates":[[-74.8372726097987,38.9888838834537],[-74.8373246118378,38.9881078829015]]}},{"type":"Feature","id":137788,"properties":{"OBJECTID":137788,"PRIMENAME":"Syracuse Avenue","ELEVTYP_F":0,"ELEVTYP_T":0},"geometry":{"type":"LineString","coordinates":[[-74.8491836211273,38.9684346389268],[-74.8494314466266,38.9686396830623],[-74.8495247830473,38.96871690693],[-74.8495652897055,38.968749900568]]}},{"type":"Feature","id":141030,"properties":{"OBJECTID":141030,"PRIMENAME":"Pacific Avenue","ELEVTYP_F":0,"ELEVTYP_T":0},"geometry":{"type":"LineString","coordinates":[[-74.8498802514497,38.9630763621943],[-74.8494410763699,38.9633989697566],[-74.8493424617792,38.9634715632205]]}},{"type":"Feature","id":141063,"properties":{"OBJECTID":141063,"PRIMENAME":"East Trenton Avenue","ELEVTYP_F":0,"ELEVTYP_T":0},"geometry":{"type":"LineString","coordinates":[[-74.8466224364382,38.9603586300525],[-74.8468613366818,38.9605593553006],[-74.8481498580531,38.9616334577152]]}},{"type":"Feature","id":141388,"properties":{"OBJECTID":141388,"PRIMENAME":"Park Boulevard","ELEVTYP_F":0,"ELEVTYP_T":0},"geometry":{"type":"LineString","coordinates":[[-74.85533964527,38.9616777436032],[-74.8558283377416,38.9613200082728]]}},{"type":"Feature","id":143346,"properties":{"OBJECTID":143346,"PRIMENAME":"West Hollywood Avenue","ELEVTYP_F":0,"ELEVTYP_T":0},"geometry":{"type":"LineString","coordinates":[[-74.8487767216254,38.9664092273406],[-74.849232809339,38.9667904427652],[-74.850161446583,38.967564048985],[-74.8506433974118,38.9679586896927]]}},{"type":"Feature","id":144084,"properties":{"OBJECTID":144084,"PRIMENAME":"West Saint Paul Avenue","ELEVTYP_F":0,"ELEVTYP_T":0},"geometry":{"type":"LineString","coordinates":[[-74.8467939544821,38.9691798106116],[-74.8469411212445,38.9693033585892]]}},{"type":"Feature","id":145630,"properties":{"OBJECTID":145630,"PRIMENAME":"Hudson Avenue","ELEVTYP_F":0,"ELEVTYP_T":0},"geometry":{"type":"LineString","coordinates":[[-74.8294194923933,38.9859260195491],[-74.8292286637209,38.9860701108941],[-74.8288348356983,38.9863592872611],[-74.8287554097135,38.9864158286111]]}},{"type":"Feature","id":146797,"properties":{"OBJECTID":146797,"PRIMENAME":"East Morning Glory Road","ELEVTYP_F":0,"ELEVTYP_T":0},"geometry":{"type":"LineString","coordinates":[[-74.8270424872665,38.9797936895074],[-74.8273976070524,38.9800889703622],[-74.8285220403602,38.9810177761649],[-74.8286849531098,38.9811539507451]]}},{"type":"Feature","id":146847,"properties":{"OBJECTID":146847,"PRIMENAME":"Arctic Avenue","ELEVTYP_F":0,"ELEVTYP_T":0},"geometry":{"type":"LineString","coordinates":[[-74.8276576930279,38.9844637128003],[-74.8278925765678,38.9842910535912],[-74.82832791976,38.9839732060913]]}},{"type":"Feature","id":146977,"properties":{"OBJECTID":146977,"PRIMENAME":"East Hollywood Avenue","ELEVTYP_F":0,"ELEVTYP_T":0},"geometry":{"type":"LineString","coordinates":[[-74.8432806815521,38.9618326773607],[-74.8440131916167,38.9624408134715]]}},{"type":"Feature","id":147072,"properties":{"OBJECTID":147072,"PRIMENAME":"Ocean Avenue","ELEVTYP_F":0,"ELEVTYP_T":0},"geometry":{"type":"LineString","coordinates":[[-74.8373500929229,38.9679759619723],[-74.8375457336795,38.9677922760913],[-74.8379131385623,38.9674415835619]]}},{"type":"Feature","id":147200,"properties":{"OBJECTID":147200,"PRIMENAME":"East Sweetbriar Road","ELEVTYP_F":0,"ELEVTYP_T":0},"geometry":{"type":"LineString","coordinates":[[-74.8307199904524,38.9756401195815],[-74.8303623603064,38.9753402153449],[-74.8300223000929,38.9750585758165]]}},{"type":"Feature","id":147663,"properties":{"OBJECTID":147663,"PRIMENAME":"Atlantic Avenue","ELEVTYP_F":0,"ELEVTYP_T":0},"geometry":{"type":"LineString","coordinates":[[-74.8254071490859,38.9784322038293],[-74.8256161884588,38.9782806815525],[-74.8260491502983,38.9779634804187]]}},{"type":"Feature","id":147725,"properties":{"OBJECTID":147725,"PRIMENAME":"East Primrose Road","ELEVTYP_F":0,"ELEVTYP_T":0},"geometry":{"type":"LineString","coordinates":[[-74.8391012474936,38.973527932779],[-74.8377358377101,38.9723978583582],[-74.8374645787078,38.9721708472797]]}},{"type":"Feature","id":148735,"properties":{"OBJECTID":148735,"PRIMENAME":"East Crocus Road","ELEVTYP_F":0,"ELEVTYP_T":0},"geometry":{"type":"LineString","coordinates":[[-74.8287022449472,38.9771176491966],[-74.8280032749046,38.9765329936252]]}},{"type":"Feature","id":148967,"properties":{"OBJECTID":148967,"PRIMENAME":"East Denver Avenue","ELEVTYP_F":0,"ELEVTYP_T":0},"geometry":{"type":"LineString","coordinates":[[-74.8438756939163,38.9648600377504],[-74.84341340628,38.9644755799219],[-74.8426816533399,38.9638674380602]]}},{"type":"Feature","id":149374,"properties":{"OBJECTID":149374,"PRIMENAME":"East Stanton Road","ELEVTYP_F":0,"ELEVTYP_T":0},"geometry":{"type":"LineString","coordinates":[[-74.8391245859949,38.9694524245428],[-74.839926927312,38.9701197748423],[-74.8400853872045,38.9702521567891]]}},{"type":"Feature","id":149592,"properties":{"OBJECTID":149592,"PRIMENAME":"New Jersey Avenue","ELEVTYP_F":0,"ELEVTYP_T":0},"geometry":{"type":"LineString","coordinates":[[-74.8266960160234,38.9826123894012],[-74.8264771566873,38.9827729739651],[-74.8261313637844,38.9830251588711],[-74.8260303871456,38.9830999353804]]}},{"type":"Feature","id":150411,"properties":{"OBJECTID":150411,"PRIMENAME":"East Topeka Avenue","ELEVTYP_F":0,"ELEVTYP_T":0},"geometry":{"type":"LineString","coordinates":[[-74.8477000562398,38.9646747849364],[-74.847402563507,38.9644275278229],[-74.846077733114,38.9633228274405],[-74.8459692128959,38.9632322885738]]}},{"type":"Feature","id":150871,"properties":{"OBJECTID":150871,"PRIMENAME":"Pacific Avenue","ELEVTYP_F":0,"ELEVTYP_T":0},"geometry":{"type":"LineString","coordinates":[[-74.8509585274792,38.9622872625158],[-74.8506812489127,38.9624879111935],[-74.8504203843838,38.9626795039497]]}},{"type":"Feature","id":150895,"properties":{"OBJECTID":150895,"PRIMENAME":"Farragut Road","ELEVTYP_F":0,"ELEVTYP_T":0},"geometry":{"type":"LineString","coordinates":[[-74.8379131385623,38.9674415835619],[-74.8369927960853,38.9666754076676]]}},{"type":"Feature","id":151039,"properties":{"OBJECTID":151039,"PRIMENAME":"Ocean Avenue","ELEVTYP_F":0,"ELEVTYP_T":0},"geometry":{"type":"LineString","coordinates":[[-74.8224690612755,38.9790938434793],[-74.8221295130716,38.979341577073],[-74.8217975470028,38.9795861051036]]}},{"type":"Feature","id":151109,"properties":{"OBJECTID":151109,"PRIMENAME":"Heather Road","ELEVTYP_F":0,"ELEVTYP_T":0},"geometry":{"type":"LineString","coordinates":[[-74.8333405748064,38.9819958274959],[-74.8334743519863,38.982105690435],[-74.8335367281581,38.9821358541978],[-74.8336380332645,38.9821780421818]]}},{"type":"Feature","id":151337,"properties":{"OBJECTID":151337,"PRIMENAME":"Park Boulevard","ELEVTYP_F":0,"ELEVTYP_T":0},"geometry":{"type":"LineString","coordinates":[[-74.843610804616,38.9702232683547],[-74.8437679017569,38.9701059299454],[-74.8438653209674,38.9700331645999]]}},{"type":"Feature","id":151679,"properties":{"OBJECTID":151679,"PRIMENAME":"East Nashville Avenue","ELEVTYP_F":0,"ELEVTYP_T":0},"geometry":{"type":"LineString","coordinates":[[-74.8397189993865,38.9669801180883],[-74.8407906685364,38.9678666765122],[-74.8409057959513,38.9679632681615]]}},{"type":"Feature","id":152242,"properties":{"OBJECTID":152242,"PRIMENAME":"East Heather Road","ELEVTYP_F":0,"ELEVTYP_T":0},"geometry":{"type":"LineString","coordinates":[[-74.8273462896816,38.9770119010357],[-74.828048769609,38.9775949858245]]}},{"type":"Feature","id":152379,"properties":{"OBJECTID":152379,"PRIMENAME":"Pacific Avenue","ELEVTYP_F":0,"ELEVTYP_T":0},"geometry":{"type":"LineString","coordinates":[[-74.8517999316045,38.9616784505785],[-74.8515153245065,38.9618843898154]]}},{"type":"Feature","id":152393,"properties":{"OBJECTID":152393,"PRIMENAME":"Park Boulevard","ELEVTYP_F":0,"ELEVTYP_T":0},"geometry":{"type":"LineString","coordinates":[[-74.8509646446281,38.9648171605344],[-74.8510814826554,38.9647383597733],[-74.8513037726741,38.9646184664494],[-74.8513741844912,38.9645754191291],[-74.851451924185,38.9645278192363],[-74.8515370049139,38.964463859047]]}},{"type":"Feature","id":152768,"properties":{"OBJECTID":152768,"PRIMENAME":"Pacific Avenue","ELEVTYP_F":0,"ELEVTYP_T":0},"geometry":{"type":"LineString","coordinates":[[-74.8477000562398,38.9646747849364],[-74.8475083876577,38.9648148173154],[-74.8471653537541,38.9650660397816]]}},{"type":"Feature","id":152870,"properties":{"OBJECTID":152870,"PRIMENAME":"New Jersey Avenue","ELEVTYP_F":0,"ELEVTYP_T":0},"geometry":{"type":"LineString","coordinates":[[-74.8213386987035,38.9865337193101],[-74.8209817908077,38.9867946506356],[-74.8206748456117,38.9870179351677]]}},{"type":"Feature","id":156695,"properties":{"OBJECTID":156695,"PRIMENAME":"East Charleston Avenue","ELEVTYP_F":0,"ELEVTYP_T":0},"geometry":{"type":"LineString","coordinates":[[-74.8455455617603,38.9611505965145],[-74.846209800306,38.9617042230057],[-74.8470713128827,38.9624221485962]]}},{"type":"Feature","id":156785,"properties":{"OBJECTID":156785,"PRIMENAME":"Seaview Avenue","ELEVTYP_F":0,"ELEVTYP_T":0},"geometry":{"type":"LineString","coordinates":[[-74.846523710531,38.9628268934537],[-74.8459692128959,38.9632322885738]]}},{"type":"Feature","id":156786,"properties":{"OBJECTID":156786,"PRIMENAME":"Park Boulevard","ELEVTYP_F":0,"ELEVTYP_T":0},"geometry":{"type":"LineString","coordinates":[[-74.8394174555073,38.9738028884893],[-74.8390794747786,38.9745092790015]]}},{"type":"Feature","id":158587,"properties":{"OBJECTID":158587,"PRIMENAME":"Atlantic Avenue","ELEVTYP_F":0,"ELEVTYP_T":0},"geometry":{"type":"LineString","coordinates":[[-74.8273462896816,38.9770119010357],[-74.827698158995,38.9767571971548],[-74.8280032749046,38.9765329936252]]}},{"type":"Feature","id":158697,"properties":{"OBJECTID":158697,"PRIMENAME":"Atlantic Avenue","ELEVTYP_F":0,"ELEVTYP_T":0},"geometry":{"type":"LineString","coordinates":[[-74.8260491502983,38.9779634804187],[-74.8265012868012,38.9776322759121],[-74.8266961812182,38.9774885621322]]}},{"type":"Feature","id":158765,"properties":{"OBJECTID":158765,"PRIMENAME":"East Myrtle Road","ELEVTYP_F":0,"ELEVTYP_T":0},"geometry":{"type":"LineString","coordinates":[[-74.8358873182516,38.9718578404154],[-74.8367343363913,38.972563883215],[-74.8368245665148,38.9726391055219]]}},{"type":"Feature","id":158989,"properties":{"OBJECTID":158989,"PRIMENAME":"East Stockton Road","ELEVTYP_F":0,"ELEVTYP_T":0},"geometry":{"type":"LineString","coordinates":[[-74.8410614546382,38.972067058941],[-74.8396947227703,38.9709330841483],[-74.8394405588337,38.9707210759226]]}},{"type":"Feature","id":160194,"properties":{"OBJECTID":160194,"PRIMENAME":"East Denver Avenue","ELEVTYP_F":0,"ELEVTYP_T":0},"geometry":{"type":"LineString","coordinates":[[-74.8471575995051,38.9675920243699],[-74.8464555110293,38.9670071859436],[-74.8455474062039,38.9662509255782]]}},{"type":"Feature","id":161963,"properties":{"OBJECTID":161963,"PRIMENAME":"Lake Road","ELEVTYP_F":0,"ELEVTYP_T":0},"geometry":{"type":"LineString","coordinates":[[-74.8314320327473,38.9865414026708],[-74.831532815896,38.9863646955739],[-74.831810089033,38.9859279511871],[-74.831857487658,38.985861915451]]}},{"type":"Feature","id":162262,"properties":{"OBJECTID":162262,"PRIMENAME":"Aster Road","ELEVTYP_F":0,"ELEVTYP_T":0},"geometry":{"type":"LineString","coordinates":[[-74.833951778364,38.9804572038441],[-74.8342562976024,38.980705407707]]}},{"type":"Feature","id":162308,"properties":{"OBJECTID":162308,"PRIMENAME":"Madison Avenue","ELEVTYP_F":0,"ELEVTYP_T":0},"geometry":{"type":"LineString","coordinates":[[-74.8559133984504,38.9587087188823],[-74.8552683620167,38.958164616546],[-74.8543333180849,38.9573901627871],[-74.8542383145061,38.9573165601427],[-74.8542003068126,38.9572900683453],[-74.8541623780468,38.9572724732732],[-74.8541391603586,38.957270896037],[-74.8541207255866,38.9572696340021],[-74.8540753485308,38.9572816063845],[-74.8539961348401,38.9573350339513],[-74.8539111002567,38.9573984670443],[-74.85370573971,38.957551655276],[-74.8536051085805,38.9576264557239]]}},{"type":"Feature","id":162341,"properties":{"OBJECTID":162341,"PRIMENAME":"Given Drive","ELEVTYP_F":0,"ELEVTYP_T":0},"geometry":{"type":"LineString","coordinates":[[-74.8388556111089,38.9888398824846],[-74.8386663858395,38.9892298843323]]}},{"type":"Feature","id":162349,"properties":{"OBJECTID":162349,"PRIMENAME":"East Hand Avenue","ELEVTYP_F":0,"ELEVTYP_T":0},"geometry":{"type":"LineString","coordinates":[[-74.8253606033145,38.9835890268973],[-74.8247063620683,38.9830461015674],[-74.8238443129225,38.9823318877479],[-74.8237266729814,38.982232100114]]}},{"type":"Feature","id":162364,"properties":{"OBJECTID":162364,"PRIMENAME":"New Jersey Avenue","ELEVTYP_F":0,"ELEVTYP_T":0},"geometry":{"type":"LineString","coordinates":[[-74.8391012474936,38.973527932779],[-74.8386503364768,38.9738621483047],[-74.8384605859239,38.9740004304405]]}},{"type":"Feature","id":162732,"properties":{"OBJECTID":162732,"PRIMENAME":"Bayview Avenue","ELEVTYP_F":0,"ELEVTYP_T":0},"geometry":{"type":"LineString","coordinates":[[-74.8528195689492,38.966364646427],[-74.8533272930513,38.9659915702235],[-74.8533576784707,38.965969703365]]}},{"type":"Feature","id":163497,"properties":{"OBJECTID":163497,"PRIMENAME":"Beach Avenue","ELEVTYP_F":0,"ELEVTYP_T":0},"geometry":{"type":"LineString","coordinates":[[-74.8304135968202,38.9723542376997],[-74.8301651400137,38.9725331737667],[-74.8298434301584,38.9727617135906],[-74.8298066693113,38.9727991061588],[-74.8297997847981,38.9728163970298],[-74.8298001291477,38.972822464294]]}},{"type":"Feature","id":163848,"properties":{"OBJECTID":163848,"PRIMENAME":"East Taylor Avenue","ELEVTYP_F":0,"ELEVTYP_T":0},"geometry":{"type":"LineString","coordinates":[[-74.8223809208601,38.9832169707184],[-74.8228928824718,38.9836453065645],[-74.8240124754899,38.9845780135458]]}},{"type":"Feature","id":163919,"properties":{"OBJECTID":163919,"PRIMENAME":"Arctic Avenue","ELEVTYP_F":0,"ELEVTYP_T":0},"geometry":{"type":"LineString","coordinates":[[-74.8223006459133,38.9883858813646],[-74.8225569844554,38.988198346383],[-74.8229770896909,38.9878925876504]]}},{"type":"Feature","id":163992,"properties":{"OBJECTID":163992,"PRIMENAME":"East Orchid Road","ELEVTYP_F":0,"ELEVTYP_T":0},"geometry":{"type":"LineString","coordinates":[[-74.8388002852423,38.9711881098477],[-74.8390740077704,38.9714151926798],[-74.8404165754195,38.9725421337012]]}},{"type":"Feature","id":164877,"properties":{"OBJECTID":164877,"PRIMENAME":"East Primrose Road","ELEVTYP_F":0,"ELEVTYP_T":0},"geometry":{"type":"LineString","coordinates":[[-74.835822419653,38.9708074661631],[-74.835365954252,38.9704260077179],[-74.834875875203,38.9700166089365]]}},{"type":"Feature","id":164925,"properties":{"OBJECTID":164925,"PRIMENAME":"West Burk Avenue","ELEVTYP_F":0,"ELEVTYP_T":0},"geometry":{"type":"LineString","coordinates":[[-74.8230818281214,38.9858953854744],[-74.82327060121,38.9860547526164],[-74.8243115470507,38.9869208128767]]}},{"type":"Feature","id":165716,"properties":{"OBJECTID":165716,"PRIMENAME":"Pacific Avenue","ELEVTYP_F":0,"ELEVTYP_T":0},"geometry":{"type":"LineString","coordinates":[[-74.8460837369523,38.9658581626141],[-74.8455795452564,38.9662275177691],[-74.8455474062039,38.9662509255782]]}},{"type":"Feature","id":165793,"properties":{"OBJECTID":165793,"PRIMENAME":"East Denver Avenue","ELEVTYP_F":0,"ELEVTYP_T":0},"geometry":{"type":"LineString","coordinates":[[-74.8426816533399,38.9638674380602],[-74.8422362586483,38.9634972866129],[-74.8416961845515,38.9630456938559]]}},{"type":"Feature","id":165962,"properties":{"OBJECTID":165962,"PRIMENAME":"Pacific Avenue","ELEVTYP_F":0,"ELEVTYP_T":0},"geometry":{"type":"LineString","coordinates":[[-74.8302942144127,38.9774208808841],[-74.8296385352154,38.9778991109601]]}},{"type":"Feature","id":166301,"properties":{"OBJECTID":166301,"PRIMENAME":"East Syracuse Avenue","ELEVTYP_F":0,"ELEVTYP_T":0},"geometry":{"type":"LineString","coordinates":[[-74.8431255056313,38.9633920351617],[-74.8433743572393,38.9635996316247],[-74.8443529986491,38.9644149008413]]}},{"type":"Feature","id":166421,"properties":{"OBJECTID":166421,"PRIMENAME":"Ocean Avenue","ELEVTYP_F":0,"ELEVTYP_T":0},"geometry":{"type":"LineString","coordinates":[[-74.834875875203,38.9700166089365],[-74.8350673185643,38.9698876363385],[-74.8351583309706,38.9698388002442],[-74.8352328007731,38.9698029732739],[-74.8353307378203,38.9697606799687],[-74.8354370848364,38.969711965352],[-74.8355853883447,38.969624495414],[-74.8356252879697,38.9695897828749]]}},{"type":"Feature","id":166565,"properties":{"OBJECTID":166565,"PRIMENAME":"West Burk Avenue","ELEVTYP_F":0,"ELEVTYP_T":0},"geometry":{"type":"LineString","coordinates":[[-74.8249241090463,38.9874282431071],[-74.8254825017241,38.9878905689598],[-74.8260688510302,38.9883788444459]]}},{"type":"Feature","id":166790,"properties":{"OBJECTID":166790,"PRIMENAME":"East Columbine Road","ELEVTYP_F":0,"ELEVTYP_T":0},"geometry":{"type":"LineString","coordinates":[[-74.8303710392658,38.9733165845954],[-74.8298813961303,38.9729082349247],[-74.8298115061248,38.9728558768132],[-74.8298030434342,38.9728439291141],[-74.8298007421121,38.9728331990898],[-74.8298001291477,38.972822464294]]}},{"type":"Feature","id":167289,"properties":{"OBJECTID":167289,"PRIMENAME":"Seaview Avenue","ELEVTYP_F":0,"ELEVTYP_T":0},"geometry":{"type":"LineString","coordinates":[[-74.8391245859949,38.9694524245428],[-74.8390220558646,38.9695265574976],[-74.8384832799989,38.9699222056579]]}},{"type":"Feature","id":167378,"properties":{"OBJECTID":167378,"PRIMENAME":"West Rio Grande Avenue","ELEVTYP_F":0,"ELEVTYP_T":0},"geometry":{"type":"LineString","coordinates":[[-74.8246808912319,38.9840860508613],[-74.826320900897,38.9854469961476]]}},{"type":"Feature","id":167622,"properties":{"OBJECTID":167622,"PRIMENAME":"Seaview Avenue","ELEVTYP_F":0,"ELEVTYP_T":0},"geometry":{"type":"LineString","coordinates":[[-74.8397685947719,38.9689832346898],[-74.8395345652541,38.9691559985302],[-74.8391245859949,38.9694524245428]]}},{"type":"Feature","id":167927,"properties":{"OBJECTID":167927,"PRIMENAME":"East Lavender Road","ELEVTYP_F":0,"ELEVTYP_T":0},"geometry":{"type":"LineString","coordinates":[[-74.8251452361789,38.9761993258597],[-74.8257480007454,38.9766990092527]]}},{"type":"Feature","id":168056,"properties":{"OBJECTID":168056,"PRIMENAME":"East Sweetbriar Road","ELEVTYP_F":0,"ELEVTYP_T":0},"geometry":{"type":"LineString","coordinates":[[-74.8300223000929,38.9750585758165],[-74.8297963711017,38.9748714803137],[-74.8290721332994,38.9742661715693]]}},{"type":"Feature","id":168062,"properties":{"OBJECTID":168062,"PRIMENAME":"East Morning Glory Road","ELEVTYP_F":0,"ELEVTYP_T":0},"geometry":{"type":"LineString","coordinates":[[-74.8244618422045,38.977639721913],[-74.8249809572433,38.9780769531352],[-74.8254071490859,38.9784322038293]]}},{"type":"Feature","id":168535,"properties":{"OBJECTID":168535,"PRIMENAME":"Buttercup Road","ELEVTYP_F":0,"ELEVTYP_T":0},"geometry":{"type":"LineString","coordinates":[[-74.833436183528,38.9839211306729],[-74.8333038041295,38.983885098618],[-74.8331869824445,38.9838581117168],[-74.8331012233791,38.9838158231259],[-74.8330979057442,38.9838135263825]]}},{"type":"Feature","id":168578,"properties":{"OBJECTID":168578,"PRIMENAME":"Park Boulevard","ELEVTYP_F":0,"ELEVTYP_T":0},"geometry":{"type":"LineString","coordinates":[[-74.8387000165238,38.9752234768434],[-74.8386135221464,38.9753502562922],[-74.838444227084,38.9755667912978],[-74.8382177215017,38.9758474686772]]}},{"type":"Feature","id":168681,"properties":{"OBJECTID":168681,"PRIMENAME":"West Pittsburgh Avenue","ELEVTYP_F":0,"ELEVTYP_T":0},"geometry":{"type":"LineString","coordinates":[[-74.8498678091883,38.9656091713794],[-74.8503317325302,38.9659957129235],[-74.8513847338439,38.9668746240413],[-74.8517302191209,38.9671630778251]]}},{"type":"Feature","id":168719,"properties":{"OBJECTID":168719,"PRIMENAME":"West Hildreth Avenue","ELEVTYP_F":0,"ELEVTYP_T":0},"geometry":{"type":"LineString","coordinates":[[-74.8289965629311,38.9834849521326],[-74.8294123757065,38.9838285463484],[-74.8296097353361,38.9839943049073]]}},{"type":"Feature","id":168840,"properties":{"OBJECTID":168840,"PRIMENAME":"East Crocus Road","ELEVTYP_F":0,"ELEVTYP_T":0},"geometry":{"type":"LineString","coordinates":[[-74.8312719941533,38.979257714877],[-74.8311041349015,38.9791172472589],[-74.8301383457035,38.9783158357625],[-74.8296385352154,38.9778991109601]]}},{"type":"Feature","id":169206,"properties":{"OBJECTID":169206,"PRIMENAME":"Ocean Avenue","ELEVTYP_F":0,"ELEVTYP_T":0},"geometry":{"type":"LineString","coordinates":[[-74.8310074889947,38.9728510356948],[-74.8313475098037,38.9726048116218],[-74.8316475121152,38.9723839065361]]}},{"type":"Feature","id":169457,"properties":{"OBJECTID":169457,"PRIMENAME":"Pacific Avenue","ELEVTYP_F":0,"ELEVTYP_T":0},"geometry":{"type":"LineString","coordinates":[[-74.8329525931123,38.975472370852],[-74.8327529109553,38.9756189915271],[-74.8323099029865,38.9759448404656]]}},{"type":"Feature","id":169477,"properties":{"OBJECTID":169477,"PRIMENAME":"West Taylor Avenue","ELEVTYP_F":0,"ELEVTYP_T":0},"geometry":{"type":"LineString","coordinates":[[-74.8240124754899,38.9845780135458],[-74.8243898590151,38.9848924073718],[-74.825601555685,38.9859002433339],[-74.8256508927515,38.9859413760652]]}},{"type":"Feature","id":169635,"properties":{"OBJECTID":169635,"PRIMENAME":"Lake Road","ELEVTYP_F":0,"ELEVTYP_T":0},"geometry":{"type":"LineString","coordinates":[[-74.8310090511858,38.9872473504525],[-74.831020192962,38.9872298826159],[-74.8311137607499,38.9870824951795],[-74.8312557667782,38.9868504807957],[-74.8313843699305,38.9866249788085]]}},{"type":"Feature","id":170017,"properties":{"OBJECTID":170017,"PRIMENAME":"New Jersey Avenue","ELEVTYP_F":0,"ELEVTYP_T":0},"geometry":{"type":"LineString","coordinates":[[-74.8365149313362,38.9754295591712],[-74.835870730481,38.9758974123585]]}},{"type":"Feature","id":170504,"properties":{"OBJECTID":170504,"PRIMENAME":"Park Boulevard","ELEVTYP_F":0,"ELEVTYP_T":0},"geometry":{"type":"LineString","coordinates":[[-74.8276079777575,38.9854627339429],[-74.827293179687,38.985693938708],[-74.8269354627879,38.9859570048417]]}},{"type":"Feature","id":170695,"properties":{"OBJECTID":170695,"PRIMENAME":"Pacific Avenue","ELEVTYP_F":0,"ELEVTYP_T":0},"geometry":{"type":"LineString","coordinates":[[-74.8542256173737,38.9598874029585],[-74.8538436776916,38.9601698468199],[-74.8536784408099,38.9602911838141],[-74.8536773015011,38.9602920196688]]}},{"type":"Feature","id":170716,"properties":{"OBJECTID":170716,"PRIMENAME":"Lake Road","ELEVTYP_F":0,"ELEVTYP_T":0},"geometry":{"type":"LineString","coordinates":[[-74.831857487658,38.985861915451],[-74.8319904193011,38.9856767429703],[-74.8322989403255,38.9851897960731]]}},{"type":"Feature","id":170795,"properties":{"OBJECTID":170795,"PRIMENAME":"Seaview Avenue","ELEVTYP_F":0,"ELEVTYP_T":0},"geometry":{"type":"LineString","coordinates":[[-74.8486883858956,38.9612396598154],[-74.8481498580531,38.9616334577152]]}},{"type":"Feature","id":170799,"properties":{"OBJECTID":170799,"PRIMENAME":"Atlantic Avenue","ELEVTYP_F":0,"ELEVTYP_T":0},"geometry":{"type":"LineString","coordinates":[[-74.8234209106434,38.9798868168874],[-74.8229251686696,38.980251081013],[-74.8227597393594,38.9803714772351]]}},{"type":"Feature","id":170868,"properties":{"OBJECTID":170868,"PRIMENAME":"Seaview Avenue","ELEVTYP_F":0,"ELEVTYP_T":0},"geometry":{"type":"LineString","coordinates":[[-74.834580038572,38.9728155576206],[-74.8340171339804,38.9732220726964],[-74.8339367941203,38.9732825192376]]}},{"type":"Feature","id":170877,"properties":{"OBJECTID":170877,"PRIMENAME":"Given Drive","ELEVTYP_F":0,"ELEVTYP_T":0},"geometry":{"type":"LineString","coordinates":[[-74.8389661100778,38.9883926474213],[-74.8388556111089,38.9888398824846]]}},{"type":"Feature","id":171169,"properties":{"OBJECTID":171169,"PRIMENAME":"East Lavender Road","ELEVTYP_F":0,"ELEVTYP_T":0},"geometry":{"type":"LineString","coordinates":[[-74.8266961812182,38.9774885621322],[-74.8273024096847,38.9779945976778],[-74.8273939076952,38.9780708677588]]}},{"type":"Feature","id":172004,"properties":{"OBJECTID":172004,"PRIMENAME":"East Orchid Road","ELEVTYP_F":0,"ELEVTYP_T":0},"geometry":{"type":"LineString","coordinates":[[-74.8351307263082,38.9681458998276],[-74.8362188930759,38.9690410740397]]}},{"type":"Feature","id":172158,"properties":{"OBJECTID":172158,"PRIMENAME":"Park Boulevard","ELEVTYP_F":0,"ELEVTYP_T":0},"geometry":{"type":"LineString","coordinates":[[-74.8315147233969,38.9825083232628],[-74.8309019087316,38.9830055501441]]}},{"type":"Feature","id":172827,"properties":{"OBJECTID":172827,"PRIMENAME":"East Monterey Avenue","ELEVTYP_F":0,"ELEVTYP_T":0},"geometry":{"type":"LineString","coordinates":[[-74.8453608873638,38.9689093212145],[-74.8449578422404,38.9685703855615],[-74.8439010399186,38.9676944205028],[-74.8437464280465,38.9675653277191]]}},{"type":"Feature","id":173068,"properties":{"OBJECTID":173068,"PRIMENAME":"Hudson Avenue","ELEVTYP_F":0,"ELEVTYP_T":0},"geometry":{"type":"LineString","coordinates":[[-74.8267372408297,38.9878919223898],[-74.8264119873182,38.9881324067553],[-74.8261518430717,38.9883164195327],[-74.8260688510302,38.9883788444459]]}},{"type":"Feature","id":174208,"properties":{"OBJECTID":174208,"PRIMENAME":"Pacific Avenue","ELEVTYP_F":0,"ELEVTYP_T":0},"geometry":{"type":"LineString","coordinates":[[-74.8217073969773,38.9837092370864],[-74.8210464193306,38.9841927599624]]}},{"type":"Feature","id":174442,"properties":{"OBJECTID":174442,"PRIMENAME":"Seaview Avenue","ELEVTYP_F":0,"ELEVTYP_T":0},"geometry":{"type":"LineString","coordinates":[[-74.8326583536924,38.9742201149824],[-74.8322357244572,38.9745318466915],[-74.8320181650074,38.9746914507637]]}},{"type":"Feature","id":175429,"properties":{"OBJECTID":175429,"PRIMENAME":"Arctic Avenue","ELEVTYP_F":0,"ELEVTYP_T":0},"geometry":{"type":"LineString","coordinates":[[-74.8243115470507,38.9869208128767],[-74.8249780772161,38.9864352239118]]}},{"type":"Feature","id":175757,"properties":{"OBJECTID":175757,"PRIMENAME":"Pacific Avenue","ELEVTYP_F":0,"ELEVTYP_T":0},"geometry":{"type":"LineString","coordinates":[[-74.8342347757821,38.9745336902082],[-74.8339541875227,38.9747390856431],[-74.8335938065004,38.9750020702799]]}},{"type":"Feature","id":176302,"properties":{"OBJECTID":176302,"PRIMENAME":"Park Boulevard","ELEVTYP_F":0,"ELEVTYP_T":0},"geometry":{"type":"LineString","coordinates":[[-74.8430063598312,38.9706588075271],[-74.8434323928584,38.9703555272739],[-74.8434603783758,38.9703356042243],[-74.843610804616,38.9702232683547]]}},{"type":"Feature","id":176450,"properties":{"OBJECTID":176450,"PRIMENAME":"Atlantic Avenue","ELEVTYP_F":0,"ELEVTYP_T":0},"geometry":{"type":"LineString","coordinates":[[-74.8460795964035,38.9607562194239],[-74.8463522387666,38.9605554584368],[-74.8466224364382,38.9603586300525]]}},{"type":"Feature","id":177124,"properties":{"OBJECTID":177124,"PRIMENAME":"East Miami Avenue","ELEVTYP_F":0,"ELEVTYP_T":0},"geometry":{"type":"LineString","coordinates":[[-74.8418861319904,38.9669366926793],[-74.84288759077,38.9677729411726],[-74.8431586611972,38.9679971395743]]}},{"type":"Feature","id":177450,"properties":{"OBJECTID":177450,"PRIMENAME":"Park Boulevard","ELEVTYP_F":0,"ELEVTYP_T":0},"geometry":{"type":"LineString","coordinates":[[-74.8453608873638,38.9689093212145],[-74.84554553584,38.9687762877345],[-74.8459546168866,38.9684751744489]]}},{"type":"Feature","id":178672,"properties":{"OBJECTID":178672,"PRIMENAME":"Park Boulevard","ELEVTYP_F":0,"ELEVTYP_T":0},"geometry":{"type":"LineString","coordinates":[[-74.8526198162687,38.9636669047045],[-74.8531750592437,38.9632626559515]]}},{"type":"Feature","id":178816,"properties":{"OBJECTID":178816,"PRIMENAME":"Pacific Avenue","ELEVTYP_F":0,"ELEVTYP_T":0},"geometry":{"type":"LineString","coordinates":[[-74.8488077544773,38.9638652147578],[-74.8487721130759,38.9638914347262],[-74.848256204977,38.9642683876109]]}},{"type":"Feature","id":178969,"properties":{"OBJECTID":178969,"PRIMENAME":"East Jefferson Avenue","ELEVTYP_F":0,"ELEVTYP_T":0},"geometry":{"type":"LineString","coordinates":[[-74.8497760368197,38.9604360992097],[-74.8496852794575,38.9603605036656],[-74.8491130666365,38.9598852782153],[-74.8483686331233,38.9592670062324],[-74.848248109128,38.9591662641751]]}},{"type":"Feature","id":179329,"properties":{"OBJECTID":179329,"PRIMENAME":"Park Boulevard","ELEVTYP_F":0,"ELEVTYP_T":0},"geometry":{"type":"LineString","coordinates":[[-74.8498678091883,38.9656091713794],[-74.8504158398729,38.9652054250107]]}},{"type":"Feature","id":179362,"properties":{"OBJECTID":179362,"PRIMENAME":"East Taylor Avenue","ELEVTYP_F":0,"ELEVTYP_T":0},"geometry":{"type":"LineString","coordinates":[[-74.8197826244223,38.9810614118651],[-74.8207375673385,38.9818467653896]]}},{"type":"Feature","id":180250,"properties":{"OBJECTID":180250,"PRIMENAME":"Park Boulevard","ELEVTYP_F":0,"ELEVTYP_T":0},"geometry":{"type":"LineString","coordinates":[[-74.8520841654345,38.9640586516133],[-74.8523484300227,38.9638645188846],[-74.8526198162687,38.9636669047045]]}},{"type":"Feature","id":180720,"properties":{"OBJECTID":180720,"PRIMENAME":"Seaview Avenue","ELEVTYP_F":0,"ELEVTYP_T":0},"geometry":{"type":"LineString","coordinates":[[-74.8307199904524,38.9756401195815],[-74.8300398972122,38.9761365718675]]}},{"type":"Feature","id":181024,"properties":{"OBJECTID":181024,"PRIMENAME":"East Saint Louis Avenue","ELEVTYP_F":0,"ELEVTYP_T":0},"geometry":{"type":"LineString","coordinates":[[-74.8509646446281,38.9648171605344],[-74.8506351730774,38.9645423025737],[-74.8497456256891,38.9638074639749],[-74.8493424617792,38.9634715632205]]}},{"type":"Feature","id":181384,"properties":{"OBJECTID":181384,"PRIMENAME":"East Pittsburgh Avenue","ELEVTYP_F":0,"ELEVTYP_T":0},"geometry":{"type":"LineString","coordinates":[[-74.848256204977,38.9642683876109],[-74.8490961801785,38.9649662349433],[-74.8498678091883,38.9656091713794]]}},{"type":"Feature","id":181623,"properties":{"OBJECTID":181623,"PRIMENAME":"West Andrews Avenue","ELEVTYP_F":0,"ELEVTYP_T":0},"geometry":{"type":"LineString","coordinates":[[-74.8249780772161,38.9864352239118],[-74.8247409048956,38.9862409019757],[-74.8240250709658,38.9856354569261],[-74.8233423449842,38.9850662709674]]}},{"type":"Feature","id":182405,"properties":{"OBJECTID":182405,"PRIMENAME":"Carroll Avenue","ELEVTYP_F":0,"ELEVTYP_T":0},"geometry":{"type":"LineString","coordinates":[[-74.8398322667986,38.9882122146009],[-74.8398782390272,38.9876666723711]]}},{"type":"Feature","id":182437,"properties":{"OBJECTID":182437,"PRIMENAME":"Bayview Avenue","ELEVTYP_F":0,"ELEVTYP_T":0},"geometry":{"type":"LineString","coordinates":[[-74.8491836211273,38.9684346389268],[-74.8492886765246,38.9683256989124],[-74.8496467682267,38.9679804891197]]}},{"type":"Feature","id":182545,"properties":{"OBJECTID":182545,"PRIMENAME":"East Nashville Avenue","ELEVTYP_F":0,"ELEVTYP_T":0},"geometry":{"type":"LineString","coordinates":[[-74.8419785092991,38.9688635416442],[-74.8423331557621,38.969161167174],[-74.8434210444143,38.9700642383861],[-74.843610804616,38.9702232683547]]}},{"type":"Feature","id":182785,"properties":{"OBJECTID":182785,"PRIMENAME":"East Lotus Road","ELEVTYP_F":0,"ELEVTYP_T":0},"geometry":{"type":"LineString","coordinates":[[-74.8352358159625,38.9723379027831],[-74.8360009513528,38.9729707897517],[-74.8361714913708,38.9731139885995]]}},{"type":"Feature","id":184161,"properties":{"OBJECTID":184161,"PRIMENAME":"Pacific Avenue","ELEVTYP_F":0,"ELEVTYP_T":0},"geometry":{"type":"LineString","coordinates":[[-74.8493424617792,38.9634715632205],[-74.8488077544773,38.9638652147578]]}},{"type":"Feature","id":184417,"properties":{"OBJECTID":184417,"PRIMENAME":"Pacific Avenue","ELEVTYP_F":0,"ELEVTYP_T":0},"geometry":{"type":"LineString","coordinates":[[-74.8361714913708,38.9731139885995],[-74.8360275544521,38.973218635198],[-74.835517350595,38.9735957626886]]}},{"type":"Feature","id":184521,"properties":{"OBJECTID":184521,"PRIMENAME":"Bayview Avenue","ELEVTYP_F":0,"ELEVTYP_T":0},"geometry":{"type":"LineString","coordinates":[[-74.8496467682267,38.9679804891197],[-74.8499436189384,38.968221399247],[-74.8500206799291,38.9682635088895],[-74.8500488016519,38.9682743808844],[-74.8500887331261,38.9682835967859],[-74.8501155062166,38.9682839912241],[-74.8501382966357,38.9682843264368],[-74.8501834591032,38.9682771344373],[-74.8502123497071,38.9682655697973],[-74.8502511151909,38.9682451614318],[-74.8503117923978,38.9682029682812],[-74.8506433974118,38.9679586896927]]}},{"type":"Feature","id":184546,"properties":{"OBJECTID":184546,"PRIMENAME":"West Roberts Avenue","ELEVTYP_F":0,"ELEVTYP_T":0},"geometry":{"type":"LineString","coordinates":[[-74.8216393829066,38.9888696008431],[-74.8219020023504,38.989089120831],[-74.8222542530262,38.989382227539]]}},{"type":"Feature","id":184668,"properties":{"OBJECTID":184668,"PRIMENAME":"Ocean Avenue","ELEVTYP_F":0,"ELEVTYP_T":0},"geometry":{"type":"LineString","coordinates":[[-74.8277138597682,38.9752638530194],[-74.828077903902,38.9749968673649],[-74.8283925797344,38.9747651938292]]}},{"type":"Feature","id":185573,"properties":{"OBJECTID":185573,"PRIMENAME":"West Buttercup Road","ELEVTYP_F":0,"ELEVTYP_T":0},"geometry":{"type":"LineString","coordinates":[[-74.8330979057442,38.9838135263825],[-74.8329841459136,38.983734193893],[-74.8328860060656,38.983651069134],[-74.8326912636423,38.9834861185325],[-74.8320509119538,38.9829536565993],[-74.8315147233969,38.9825083232628]]}},{"type":"Feature","id":185682,"properties":{"OBJECTID":185682,"PRIMENAME":"East Hollywood Avenue","ELEVTYP_F":0,"ELEVTYP_T":0},"geometry":{"type":"LineString","coordinates":[[-74.8440131916167,38.9624408134715],[-74.8442597076624,38.9626454484081],[-74.8447803219315,38.9630849223849],[-74.8454302681299,38.9636262669584]]}},{"type":"Feature","id":185747,"properties":{"OBJECTID":185747,"PRIMENAME":"New Jersey Avenue","ELEVTYP_F":0,"ELEVTYP_T":0},"geometry":{"type":"LineString","coordinates":[[-74.8345852784959,38.9768372462193],[-74.8339471994244,38.9773029568294]]}},{"type":"Feature","id":185783,"properties":{"OBJECTID":185783,"PRIMENAME":"East Rosemary Road","ELEVTYP_F":0,"ELEVTYP_T":0},"geometry":{"type":"LineString","coordinates":[[-74.8319599941514,38.9736389962675],[-74.8320919213986,38.9737480149195],[-74.8326583536924,38.9742201149824]]}},{"type":"Feature","id":186131,"properties":{"OBJECTID":186131,"PRIMENAME":"East Atlanta Avenue","ELEVTYP_F":0,"ELEVTYP_T":0},"geometry":{"type":"LineString","coordinates":[[-74.8376522660694,38.9662052513422],[-74.8387283215374,38.9670902504825],[-74.8392237702432,38.9675043958792]]}},{"type":"Feature","id":187329,"properties":{"OBJECTID":187329,"PRIMENAME":"Seaview Avenue","ELEVTYP_F":0,"ELEVTYP_T":0},"geometry":{"type":"LineString","coordinates":[[-74.8320181650074,38.9746914507637],[-74.8314338404559,38.9751201178872],[-74.8313725251914,38.9751647749874]]}},{"type":"Feature","id":187625,"properties":{"OBJECTID":187625,"PRIMENAME":"Leaming Avenue","ELEVTYP_F":0,"ELEVTYP_T":0},"geometry":{"type":"LineString","coordinates":[[-74.8227597393594,38.9803714772351],[-74.8229213889376,38.9805034347267],[-74.8240287685075,38.9814376587487],[-74.8243945922466,38.9817434626701]]}},{"type":"Feature","id":188012,"properties":{"OBJECTID":188012,"PRIMENAME":"Park Boulevard","ELEVTYP_F":0,"ELEVTYP_T":0},"geometry":{"type":"LineString","coordinates":[[-74.8410614546382,38.972067058941],[-74.8412143790494,38.9719533459604],[-74.8416945309193,38.9716042074794]]}},{"type":"Feature","id":188681,"properties":{"OBJECTID":188681,"PRIMENAME":"Park Boulevard","ELEVTYP_F":0,"ELEVTYP_T":0},"geometry":{"type":"LineString","coordinates":[[-74.8438653209674,38.9700331645999],[-74.8439498560794,38.9699700629077],[-74.8442016799836,38.969769093788]]}},{"type":"Feature","id":188831,"properties":{"OBJECTID":188831,"PRIMENAME":"West Lotus Road","ELEVTYP_F":0,"ELEVTYP_T":0},"geometry":{"type":"LineString","coordinates":[[-74.8378036936699,38.9744791505854],[-74.8387000165238,38.9752234768434]]}},{"type":"Feature","id":189688,"properties":{"OBJECTID":189688,"PRIMENAME":"Atlantic Avenue","ELEVTYP_F":0,"ELEVTYP_T":0},"geometry":{"type":"LineString","coordinates":[[-74.8471630039617,38.9599649979085],[-74.8473441845732,38.9598330149421],[-74.8476994203069,38.9595724188164]]}},{"type":"Feature","id":192125,"properties":{"OBJECTID":192125,"PRIMENAME":"New Jersey Avenue","ELEVTYP_F":0,"ELEVTYP_T":0},"geometry":{"type":"LineString","coordinates":[[-74.8339471994244,38.9773029568294],[-74.8333866939064,38.9777120427263],[-74.8332861138054,38.9777856992452]]}},{"type":"Feature","id":192670,"properties":{"OBJECTID":192670,"PRIMENAME":"Park Boulevard","ELEVTYP_F":0,"ELEVTYP_T":0},"geometry":{"type":"LineString","coordinates":[[-74.8397616326365,38.973040463913],[-74.8395801923254,38.9734446044749],[-74.839436262753,38.9737635956553],[-74.8394174555073,38.9738028884893]]}},{"type":"Feature","id":192772,"properties":{"OBJECTID":192772,"PRIMENAME":"Hudson Avenue","ELEVTYP_F":0,"ELEVTYP_T":0},"geometry":{"type":"LineString","coordinates":[[-74.8260688510302,38.9883788444459],[-74.8257818296305,38.9885946725478]]}},{"type":"Feature","id":192944,"properties":{"OBJECTID":192944,"PRIMENAME":"East Toledo Avenue","ELEVTYP_F":0,"ELEVTYP_T":0},"geometry":{"type":"LineString","coordinates":[[-74.8433743200558,38.9653842414736],[-74.8431149405265,38.9651682475203],[-74.8421852015286,38.964398871596]]}},{"type":"Feature","id":193109,"properties":{"OBJECTID":193109,"PRIMENAME":"Cloisters Abbey","ELEVTYP_F":0,"ELEVTYP_T":0},"geometry":{"type":"LineString","coordinates":[[-74.8500901047833,38.9589964142233],[-74.8501306127797,38.9589648767243],[-74.8501916129816,38.9589148765887],[-74.8502446146293,38.95887187765],[-74.850292614215,38.9588358754301],[-74.8503366141551,38.958805875971],[-74.8504476137844,38.9588298760769],[-74.8505116124199,38.9588798757684],[-74.8505806148634,38.9589358763922],[-74.8506406143076,38.9589888762049],[-74.8506816124999,38.9590268759686],[-74.8507456147351,38.9590908768139],[-74.8508126144129,38.9591538758565],[-74.8508846132417,38.9592188750723],[-74.8509526139555,38.9592758775465],[-74.8510036123551,38.9593198775351],[-74.8510496142041,38.9593658780438],[-74.8510976124969,38.9594018755931],[-74.851147383934,38.9594394389017]]}},{"type":"Feature","id":193475,"properties":{"OBJECTID":193475,"PRIMENAME":"West Burk Avenue","ELEVTYP_F":0,"ELEVTYP_T":0},"geometry":{"type":"LineString","coordinates":[[-74.8243115470507,38.9869208128767],[-74.8243896315282,38.9869857274296],[-74.8249241090463,38.9874282431071]]}},{"type":"Feature","id":193877,"properties":{"OBJECTID":193877,"PRIMENAME":"West Buttercup Road","ELEVTYP_F":0,"ELEVTYP_T":0},"geometry":{"type":"LineString","coordinates":[[-74.8315147233969,38.9825083232628],[-74.8309654392547,38.9820521231927],[-74.8301455493547,38.9813744375518],[-74.82932252835,38.980685936392]]}},{"type":"Feature","id":194083,"properties":{"OBJECTID":194083,"PRIMENAME":"East Denver Avenue","ELEVTYP_F":0,"ELEVTYP_T":0},"geometry":{"type":"LineString","coordinates":[[-74.8455474062039,38.9662509255782],[-74.8450024257114,38.9657970837336],[-74.8438756939163,38.9648600377504]]}},{"type":"Feature","id":194697,"properties":{"OBJECTID":194697,"PRIMENAME":"Atlantic Avenue","ELEVTYP_F":0,"ELEVTYP_T":0},"geometry":{"type":"LineString","coordinates":[[-74.8455455617603,38.9611505965145],[-74.8457222509823,38.9610193978217],[-74.8460795964035,38.9607562194239]]}},{"type":"Feature","id":195048,"properties":{"OBJECTID":195048,"PRIMENAME":"East Raleigh Avenue","ELEVTYP_F":0,"ELEVTYP_T":0},"geometry":{"type":"LineString","coordinates":[[-74.8553414598665,38.9590695639374],[-74.8556337346434,38.9593132188649],[-74.8564509268526,38.9599816203637]]}},{"type":"Feature","id":195107,"properties":{"OBJECTID":195107,"PRIMENAME":"West Syracuse Avenue","ELEVTYP_F":0,"ELEVTYP_T":0},"geometry":{"type":"LineString","coordinates":[[-74.8476961501031,38.9671996591765],[-74.8483280423979,38.9677266252486],[-74.8491836211273,38.9684346389268]]}},{"type":"Feature","id":195425,"properties":{"OBJECTID":195425,"PRIMENAME":"East Heather Road","ELEVTYP_F":0,"ELEVTYP_T":0},"geometry":{"type":"LineString","coordinates":[[-74.828048769609,38.9775949858245],[-74.828285440275,38.9777914720508],[-74.8289870547544,38.9783744976712]]}},{"type":"Feature","id":196520,"properties":{"OBJECTID":196520,"PRIMENAME":"Turtle Gut Circle","ELEVTYP_F":0,"ELEVTYP_T":0},"geometry":{"type":"LineString","coordinates":[[-74.8517362625026,38.9586859216793],[-74.8515557046197,38.9587936465099],[-74.8513955815845,38.9588990303386],[-74.8507768859245,38.9584105920906]]}},{"type":"Feature","id":196707,"properties":{"OBJECTID":196707,"PRIMENAME":"Cresse Avenue","ELEVTYP_F":0,"ELEVTYP_T":0},"geometry":{"type":"LineString","coordinates":[[-74.8322989403255,38.9851897960731],[-74.8322105331509,38.985115333693],[-74.8318190581996,38.9847894724284],[-74.8315456866107,38.9845633513848]]}},{"type":"Feature","id":197585,"properties":{"OBJECTID":197585,"PRIMENAME":"New Jersey Avenue","ELEVTYP_F":0,"ELEVTYP_T":0},"geometry":{"type":"LineString","coordinates":[[-74.8326052889113,38.9782844196572],[-74.8321851857758,38.978592134951],[-74.8319260299851,38.9787814289784]]}},{"type":"Feature","id":197616,"properties":{"OBJECTID":197616,"PRIMENAME":"West Bennett Avenue","ELEVTYP_F":0,"ELEVTYP_T":0},"geometry":{"type":"LineString","coordinates":[[-74.82832791976,38.9839732060913],[-74.8276474686142,38.9834057134947],[-74.8266960160234,38.9826123894012]]}},{"type":"Feature","id":197643,"properties":{"OBJECTID":197643,"PRIMENAME":"East Stockton Road","ELEVTYP_F":0,"ELEVTYP_T":0},"geometry":{"type":"LineString","coordinates":[[-74.8384832799989,38.9699222056579],[-74.8377754285865,38.9693284898731],[-74.8375324070265,38.9691270717921]]}},{"type":"Feature","id":197696,"properties":{"OBJECTID":197696,"PRIMENAME":"Seaview Avenue","ELEVTYP_F":0,"ELEVTYP_T":0},"geometry":{"type":"LineString","coordinates":[[-74.8352358159625,38.9723379027831],[-74.8346247353238,38.9727832487102],[-74.834580038572,38.9728155576206]]}},{"type":"Feature","id":198463,"properties":{"OBJECTID":198463,"PRIMENAME":"West Newark Avenue","ELEVTYP_F":0,"ELEVTYP_T":0},"geometry":{"type":"LineString","coordinates":[[-74.8520841654345,38.9640586516133],[-74.8534408389459,38.9651937219626],[-74.8539037091608,38.965577231889]]}},{"type":"Feature","id":198640,"properties":{"OBJECTID":198640,"PRIMENAME":"Ocean Avenue","ELEVTYP_F":0,"ELEVTYP_T":0},"geometry":{"type":"LineString","coordinates":[[-74.834238563777,38.9704827590074],[-74.8348141641382,38.9700581655233],[-74.834875875203,38.9700166089365]]}},{"type":"Feature","id":199382,"properties":{"OBJECTID":199382,"PRIMENAME":"West Tacony Road","ELEVTYP_F":0,"ELEVTYP_T":0},"geometry":{"type":"LineString","coordinates":[[-74.8257818296305,38.9885946725478],[-74.8258512658187,38.9886525537754],[-74.8268442840496,38.9894791020805],[-74.8273877297293,38.9899362985273]]}},{"type":"Feature","id":200354,"properties":{"OBJECTID":200354,"PRIMENAME":"Pacific Avenue","ELEVTYP_F":0,"ELEVTYP_T":0},"geometry":{"type":"LineString","coordinates":[[-74.8559133984504,38.9587087188823],[-74.8558730475538,38.9587272935114],[-74.8557106980757,38.9588164527908],[-74.8556615716658,38.9588469176264],[-74.8555861997295,38.9588936609197],[-74.8554089184138,38.9590212782917],[-74.8553414598665,38.9590695639374]]}},{"type":"Feature","id":200655,"properties":{"OBJECTID":200655,"PRIMENAME":"East Fern Road","ELEVTYP_F":0,"ELEVTYP_T":0},"geometry":{"type":"LineString","coordinates":[[-74.8339367941203,38.9732825192376],[-74.8345577548654,38.9737986622703],[-74.8348765799692,38.9740652483414]]}},{"type":"Feature","id":200817,"properties":{"OBJECTID":200817,"PRIMENAME":"East Cresse Avenue","ELEVTYP_F":0,"ELEVTYP_T":0},"geometry":{"type":"LineString","coordinates":[[-74.8254523479062,38.9794914247121],[-74.8250942601494,38.9791913130146],[-74.8247517304858,38.9789074959038]]}},{"type":"Feature","id":200871,"properties":{"OBJECTID":200871,"PRIMENAME":"Leaming Avenue","ELEVTYP_F":0,"ELEVTYP_T":0},"geometry":{"type":"LineString","coordinates":[[-74.8217975470028,38.9795861051036],[-74.8227597393594,38.9803714772351]]}},{"type":"Feature","id":201170,"properties":{"OBJECTID":201170,"PRIMENAME":"U S C G Entrance Street","ELEVTYP_F":0,"ELEVTYP_T":0},"geometry":{"type":"LineString","coordinates":[[-74.8560974941054,38.9586263647946],[-74.8535196161469,38.956448875916],[-74.853524578046,38.9560068586745]]}},{"type":"Feature","id":201448,"properties":{"OBJECTID":201448,"PRIMENAME":"West Davis Avenue","ELEVTYP_F":0,"ELEVTYP_T":0},"geometry":{"type":"LineString","coordinates":[[-74.8224086056508,38.9863809821553],[-74.822004610258,38.986047764308]]}},{"type":"Feature","id":202587,"properties":{"OBJECTID":202587,"PRIMENAME":"Park Boulevard","ELEVTYP_F":0,"ELEVTYP_T":0},"geometry":{"type":"LineString","coordinates":[[-74.8537285435531,38.9628596467608],[-74.8542649365286,38.9624653081138]]}},{"type":"Feature","id":203651,"properties":{"OBJECTID":203651,"PRIMENAME":"West Rio Grande Avenue","ELEVTYP_F":0,"ELEVTYP_T":0},"geometry":{"type":"LineString","coordinates":[[-74.8280740736959,38.9869048031333],[-74.8296903212456,38.988250185671]]}},{"type":"Feature","id":204379,"properties":{"OBJECTID":204379,"PRIMENAME":"East Wisteria Road","ELEVTYP_F":0,"ELEVTYP_T":0},"geometry":{"type":"LineString","coordinates":[[-74.8291263543071,38.9733117542405],[-74.8291326161587,38.9733117365797],[-74.829148075845,38.9733157018324],[-74.8291665202808,38.9733259746392],[-74.8292688570382,38.9734115484236],[-74.8297244505382,38.9737900403289]]}},{"type":"Feature","id":205024,"properties":{"OBJECTID":205024,"PRIMENAME":"West Hildreth Avenue","ELEVTYP_F":0,"ELEVTYP_T":0},"geometry":{"type":"LineString","coordinates":[[-74.8273598008284,38.982123388973],[-74.8277442478789,38.982443628607],[-74.8286729650523,38.9832175405094],[-74.8289965629311,38.9834849521326]]}},{"type":"Feature","id":205034,"properties":{"OBJECTID":205034,"PRIMENAME":"East Fern Road","ELEVTYP_F":0,"ELEVTYP_T":0},"geometry":{"type":"LineString","coordinates":[[-74.8348765799692,38.9740652483414],[-74.8358422864365,38.974872634732],[-74.8365149313362,38.9754295591712]]}},{"type":"Feature","id":205887,"properties":{"OBJECTID":205887,"PRIMENAME":"Park Boulevard","ELEVTYP_F":0,"ELEVTYP_T":0},"geometry":{"type":"LineString","coordinates":[[-74.8357484759895,38.978799572669],[-74.8353599039651,38.9791597633156],[-74.8351658114432,38.9793364122318]]}},{"type":"Feature","id":207121,"properties":{"OBJECTID":207121,"PRIMENAME":"West Leaming Avenue","ELEVTYP_F":0,"ELEVTYP_T":0},"geometry":{"type":"LineString","coordinates":[[-74.8282755077442,38.9849730324409],[-74.8283847403504,38.9850630079494],[-74.8293905318467,38.9859021031728],[-74.8294194923933,38.9859260195491]]}},{"type":"Feature","id":207122,"properties":{"OBJECTID":207122,"PRIMENAME":"Lake Road","ELEVTYP_F":0,"ELEVTYP_T":0},"geometry":{"type":"LineString","coordinates":[[-74.8332100007134,38.9829220707803],[-74.833164581636,38.9832297620671],[-74.833116134083,38.9836792022428],[-74.8331087861176,38.9837703033582],[-74.8330979057442,38.9838135263825]]}},{"type":"Feature","id":207352,"properties":{"OBJECTID":207352,"PRIMENAME":"Park Boulevard","ELEVTYP_F":0,"ELEVTYP_T":0},"geometry":{"type":"LineString","coordinates":[[-74.8255904372214,38.9869369947198],[-74.8249241090463,38.9874282431071]]}},{"type":"Feature","id":208513,"properties":{"OBJECTID":208513,"PRIMENAME":"West Bennett Avenue","ELEVTYP_F":0,"ELEVTYP_T":0},"geometry":{"type":"LineString","coordinates":[[-74.8300854543249,38.9854337302926],[-74.8297256613372,38.9851327875949],[-74.8294452717124,38.9848992493323],[-74.8289429955497,38.9844836830534]]}},{"type":"Feature","id":208959,"properties":{"OBJECTID":208959,"PRIMENAME":"East Washington Avenue","ELEVTYP_F":0,"ELEVTYP_T":0},"geometry":{"type":"LineString","coordinates":[[-74.8468531038944,38.9588707355031],[-74.8476994203069,38.9595724188164]]}},{"type":"Feature","id":208983,"properties":{"OBJECTID":208983,"PRIMENAME":"Ocean Avenue","ELEVTYP_F":0,"ELEVTYP_T":0},"geometry":{"type":"LineString","coordinates":[[-74.8211346807823,38.9800714465135],[-74.820850174632,38.9802791831856],[-74.8204603835305,38.9805669754857]]}},{"type":"Feature","id":209327,"properties":{"OBJECTID":209327,"PRIMENAME":"Seapointe Boulevard","ELEVTYP_F":0,"ELEVTYP_T":0},"geometry":{"type":"LineString","coordinates":[[-74.8507979008145,38.9573409953378],[-74.8498817896304,38.9579686102374],[-74.8498814699654,38.9579688328094]]}},{"type":"Feature","id":210405,"properties":{"OBJECTID":210405,"PRIMENAME":"Hudson Avenue","ELEVTYP_F":0,"ELEVTYP_T":0},"geometry":{"type":"LineString","coordinates":[[-74.8257818296305,38.9885946725478],[-74.8256390901079,38.9887019945641]]}},{"type":"Feature","id":210487,"properties":{"OBJECTID":210487,"PRIMENAME":"Atlantic Avenue","ELEVTYP_F":0,"ELEVTYP_T":0},"geometry":{"type":"LineString","coordinates":[[-74.8332380137678,38.9727017381001],[-74.8335311568412,38.9724897177029],[-74.8338826496755,38.9722316466978]]}},{"type":"Feature","id":210694,"properties":{"OBJECTID":210694,"PRIMENAME":"West Taylor Avenue","ELEVTYP_F":0,"ELEVTYP_T":0},"geometry":{"type":"LineString","coordinates":[[-74.8290160864012,38.9887437588177],[-74.829868441331,38.9894565059615],[-74.8305421871475,38.990018374401],[-74.8305587784042,38.9900377410174],[-74.8305703434901,38.9900583020027],[-74.8305758042241,38.9900825323835],[-74.8305756885567,38.9900879414981]]}},{"type":"Feature","id":210848,"properties":{"OBJECTID":210848,"PRIMENAME":"East Myrtle Road","ELEVTYP_F":0,"ELEVTYP_T":0},"geometry":{"type":"LineString","coordinates":[[-74.8368245665148,38.9726391055219],[-74.8382767748236,38.9738493377097],[-74.8384605859239,38.9740004304405]]}},{"type":"Feature","id":211659,"properties":{"OBJECTID":211659,"PRIMENAME":"West Morning Glory Road","ELEVTYP_F":0,"ELEVTYP_T":0},"geometry":{"type":"LineString","coordinates":[[-74.8309019087316,38.9830055501441],[-74.8317784180784,38.9837406759759],[-74.8326374377574,38.9844486073164],[-74.8327050677444,38.9845034960796]]}},{"type":"Feature","id":211778,"properties":{"OBJECTID":211778,"PRIMENAME":"New Jersey Avenue","ELEVTYP_F":0,"ELEVTYP_T":0},"geometry":{"type":"LineString","coordinates":[[-74.8260303871456,38.9830999353804],[-74.8257731038876,38.9832904193748],[-74.8254147757434,38.9835491711118],[-74.8253606033145,38.9835890268973]]}},{"type":"Feature","id":212128,"properties":{"OBJECTID":212128,"PRIMENAME":"Channel Drive","ELEVTYP_F":0,"ELEVTYP_T":0},"geometry":{"type":"LineString","coordinates":[[-74.8405675388235,38.9868278101959],[-74.8404942532834,38.9873317963325]]}},{"type":"Feature","id":212307,"properties":{"OBJECTID":212307,"PRIMENAME":"Pacific Avenue","ELEVTYP_F":0,"ELEVTYP_T":0},"geometry":{"type":"LineString","coordinates":[[-74.8381373188638,38.9716780519679],[-74.8374645787078,38.9721708472797]]}},{"type":"Feature","id":212621,"properties":{"OBJECTID":212621,"PRIMENAME":"Ocean Avenue","ELEVTYP_F":0,"ELEVTYP_T":0},"geometry":{"type":"LineString","coordinates":[[-74.8257480007454,38.9766990092527],[-74.8262218690709,38.9763521204795],[-74.8264019307601,38.9762193220823]]}},{"type":"Feature","id":212687,"properties":{"OBJECTID":212687,"PRIMENAME":"Dock Street","ELEVTYP_F":0,"ELEVTYP_T":0},"geometry":{"type":"LineString","coordinates":[[-74.8266535468892,38.9904805771928],[-74.8262964802968,38.9901782706745],[-74.8258277684857,38.9897970853032],[-74.8255452102268,38.9895600837005],[-74.8250368355905,38.9891363903719]]}},{"type":"Feature","id":212923,"properties":{"OBJECTID":212923,"PRIMENAME":"Seaview Avenue","ELEVTYP_F":0,"ELEVTYP_T":0},"geometry":{"type":"LineString","coordinates":[[-74.8267482312917,38.9785420519863],[-74.8261045883558,38.9790135566502]]}},{"type":"Feature","id":213126,"properties":{"OBJECTID":213126,"PRIMENAME":"East Monterey Avenue","ELEVTYP_F":0,"ELEVTYP_T":0},"geometry":{"type":"LineString","coordinates":[[-74.8423790709125,38.9664238612199],[-74.8420944030289,38.9661862733646],[-74.8411934208855,38.9654365758166]]}},{"type":"Feature","id":213191,"properties":{"OBJECTID":213191,"PRIMENAME":"Seaview Avenue","ELEVTYP_F":0,"ELEVTYP_T":0},"geometry":{"type":"LineString","coordinates":[[-74.8492272808358,38.9608431133702],[-74.8489958286316,38.9610148445279],[-74.8486883858956,38.9612396598154]]}},{"type":"Feature","id":213344,"properties":{"OBJECTID":213344,"PRIMENAME":"West Lavender Road","ELEVTYP_F":0,"ELEVTYP_T":0},"geometry":{"type":"LineString","coordinates":[[-74.8321206693937,38.982011195563],[-74.8322804881822,38.9821455063988],[-74.8330418856948,38.9827747692218],[-74.8331473251403,38.9828655754192],[-74.833205909805,38.9829200230846],[-74.8332100007134,38.9829220707803]]}},{"type":"Feature","id":213745,"properties":{"OBJECTID":213745,"PRIMENAME":"East Rosemary Road","ELEVTYP_F":0,"ELEVTYP_T":0},"geometry":{"type":"LineString","coordinates":[[-74.8304135968202,38.9723542376997],[-74.8310074889947,38.9728510356948]]}},{"type":"Feature","id":214268,"properties":{"OBJECTID":214268,"PRIMENAME":"East Heather Road","ELEVTYP_F":0,"ELEVTYP_T":0},"geometry":{"type":"LineString","coordinates":[[-74.8257891133183,38.9757523463125],[-74.8258239814076,38.9757541984373],[-74.8258688770238,38.9757715642944],[-74.8260737732159,38.9759458473731],[-74.8263461000281,38.9761723872547],[-74.8264019307601,38.9762193220823]]}},{"type":"Feature","id":214362,"properties":{"OBJECTID":214362,"PRIMENAME":"East Jefferson Avenue","ELEVTYP_F":0,"ELEVTYP_T":0},"geometry":{"type":"LineString","coordinates":[[-74.8515153245065,38.9618843898154],[-74.8497760368197,38.9604360992097]]}},{"type":"Feature","id":214569,"properties":{"OBJECTID":214569,"PRIMENAME":"Seaview Avenue","ELEVTYP_F":0,"ELEVTYP_T":0},"geometry":{"type":"LineString","coordinates":[[-74.8459692128959,38.9632322885738],[-74.8454302681299,38.9636262669584]]}},{"type":"Feature","id":215279,"properties":{"OBJECTID":215279,"PRIMENAME":"East Palm Road","ELEVTYP_F":0,"ELEVTYP_T":0},"geometry":{"type":"LineString","coordinates":[[-74.8338826496755,38.9722316466978],[-74.8336514128863,38.9720380667959],[-74.8329521042139,38.9714539629143],[-74.8329381549809,38.9714422779311]]}},{"type":"Feature","id":215593,"properties":{"OBJECTID":215593,"PRIMENAME":"East Rochester Avenue","ELEVTYP_F":0,"ELEVTYP_T":0},"geometry":{"type":"LineString","coordinates":[[-74.8518914860476,38.9604928431174],[-74.851006265919,38.9597520115386],[-74.850872041705,38.95964129035]]}},{"type":"Feature","id":216141,"properties":{"OBJECTID":216141,"PRIMENAME":"East Jefferson Avenue","ELEVTYP_F":0,"ELEVTYP_T":0},"geometry":{"type":"LineString","coordinates":[[-74.848248109128,38.9591662641751],[-74.8473791253257,38.9584392811043]]}},{"type":"Feature","id":216793,"properties":{"OBJECTID":216793,"PRIMENAME":"Farragut Road","ELEVTYP_F":0,"ELEVTYP_T":0},"geometry":{"type":"LineString","coordinates":[[-74.8423487175862,38.9711298397165],[-74.8417054327886,38.9706009524618],[-74.8408312615238,38.9698784957481],[-74.8407218823797,38.969785703351]]}},{"type":"Feature","id":216871,"properties":{"OBJECTID":216871,"PRIMENAME":"Given Drive","ELEVTYP_F":0,"ELEVTYP_T":0},"geometry":{"type":"LineString","coordinates":[[-74.8389640275184,38.9879797136069],[-74.8389661100778,38.9883926474213]]}},{"type":"Feature","id":217048,"properties":{"OBJECTID":217048,"PRIMENAME":"Atlantic Avenue","ELEVTYP_F":0,"ELEVTYP_T":0},"geometry":{"type":"LineString","coordinates":[[-74.8351875380593,38.9712744107287],[-74.8355490529585,38.9710109232039],[-74.835822419653,38.9708074661631]]}},{"type":"Feature","id":217972,"properties":{"OBJECTID":217972,"PRIMENAME":"Ocean Avenue","ELEVTYP_F":0,"ELEVTYP_T":0},"geometry":{"type":"LineString","coordinates":[[-74.8362188930759,38.9690410740397],[-74.8364763956317,38.9688022390229],[-74.836785757345,38.9685072937194]]}},{"type":"Feature","id":218545,"properties":{"OBJECTID":218545,"PRIMENAME":"East Preston Avenue","ELEVTYP_F":0,"ELEVTYP_T":0},"geometry":{"type":"LineString","coordinates":[[-74.8466257751098,38.965461178571],[-74.84560469664,38.9646137627054],[-74.8448924076467,38.964019965769]]}},{"type":"Feature","id":218830,"properties":{"OBJECTID":218830,"PRIMENAME":"Park Boulevard","ELEVTYP_F":0,"ELEVTYP_T":0},"geometry":{"type":"LineString","coordinates":[[-74.8296097353361,38.9839943049073],[-74.829222092505,38.9842790996021],[-74.8289429955497,38.9844836830534]]}},{"type":"Feature","id":218847,"properties":{"OBJECTID":218847,"PRIMENAME":"East Newark Avenue","ELEVTYP_F":0,"ELEVTYP_T":0},"geometry":{"type":"LineString","coordinates":[[-74.8471630039617,38.9599649979085],[-74.8469309946711,38.9597707047904],[-74.8463444706951,38.95929211465]]}},{"type":"Feature","id":219347,"properties":{"OBJECTID":219347,"PRIMENAME":"Lotus Road","ELEVTYP_F":0,"ELEVTYP_T":0},"geometry":{"type":"LineString","coordinates":[[-74.8387000165238,38.9752234768434],[-74.8387789550172,38.9752827778332],[-74.8388604630567,38.9753278754604],[-74.8389884416137,38.9753879122385]]}},{"type":"Feature","id":219393,"properties":{"OBJECTID":219393,"PRIMENAME":"Shawcrest Road","ELEVTYP_F":0,"ELEVTYP_T":0},"geometry":{"type":"LineString","coordinates":[[-74.8372596097928,38.9890808832226],[-74.8372726097987,38.9888838834537]]}},{"type":"Feature","id":219854,"properties":{"OBJECTID":219854,"PRIMENAME":"Atlantic Avenue","ELEVTYP_F":0,"ELEVTYP_T":0},"geometry":{"type":"LineString","coordinates":[[-74.8325977650871,38.9731715674761],[-74.8331557351582,38.9727612284207],[-74.8332380137678,38.9727017381001]]}},{"type":"Feature","id":219933,"properties":{"OBJECTID":219933,"PRIMENAME":"East Heather Road","ELEVTYP_F":0,"ELEVTYP_T":0},"geometry":{"type":"LineString","coordinates":[[-74.8289870547544,38.9783744976712],[-74.8295269763891,38.9788231557605],[-74.8306209758484,38.9797345092349]]}},{"type":"Feature","id":220356,"properties":{"OBJECTID":220356,"PRIMENAME":"East Syracuse Avenue","ELEVTYP_F":0,"ELEVTYP_T":0},"geometry":{"type":"LineString","coordinates":[[-74.8422088950542,38.9626273167811],[-74.8431255056313,38.9633920351617]]}},{"type":"Feature","id":220467,"properties":{"OBJECTID":220467,"PRIMENAME":"Park Boulevard","ELEVTYP_F":0,"ELEVTYP_T":0},"geometry":{"type":"LineString","coordinates":[[-74.8239006187192,38.9881800159583],[-74.8237548827572,38.9882862899867],[-74.823591996068,38.9884050703492]]}},{"type":"Feature","id":220516,"properties":{"OBJECTID":220516,"PRIMENAME":"Park Boulevard","ELEVTYP_F":0,"ELEVTYP_T":0},"geometry":{"type":"LineString","coordinates":[[-74.8423487175862,38.9711298397165],[-74.8426376579731,38.9709212680954],[-74.8430063598312,38.9706588075271]]}},{"type":"Feature","id":220703,"properties":{"OBJECTID":220703,"PRIMENAME":"Farragut Road","ELEVTYP_F":0,"ELEVTYP_T":0},"geometry":{"type":"LineString","coordinates":[[-74.8407218823797,38.969785703351],[-74.8402562231463,38.9693907535129],[-74.8397685947719,38.9689832346898]]}},{"type":"Feature","id":220870,"properties":{"OBJECTID":220870,"PRIMENAME":"Ocean Avenue","ELEVTYP_F":0,"ELEVTYP_T":0},"geometry":{"type":"LineString","coordinates":[[-74.8297244505382,38.9737900403289],[-74.8301859790641,38.9734531103696],[-74.8303710392658,38.9733165845954]]}},{"type":"Feature","id":222018,"properties":{"OBJECTID":222018,"PRIMENAME":"West Richmond Avenue","ELEVTYP_F":0,"ELEVTYP_T":0},"geometry":{"type":"LineString","coordinates":[[-74.8520638187765,38.9614824196355],[-74.853439472893,38.9626182837408],[-74.8537285435531,38.9628596467608]]}},{"type":"Feature","id":222057,"properties":{"OBJECTID":222057,"PRIMENAME":"East Hildreth Avenue","ELEVTYP_F":0,"ELEVTYP_T":0},"geometry":{"type":"LineString","coordinates":[[-74.8257312912255,38.9807682872596],[-74.8260481898942,38.9810369609911],[-74.8269032063763,38.9817429967215],[-74.8273598008284,38.982123388973]]}},{"type":"Feature","id":222431,"properties":{"OBJECTID":222431,"PRIMENAME":"Seaview Avenue","ELEVTYP_F":0,"ELEVTYP_T":0},"geometry":{"type":"LineString","coordinates":[[-74.850872041705,38.95964129035],[-74.8506620322349,38.959795222273],[-74.8502019989283,38.9601279870355],[-74.8500601503256,38.9602305917558]]}},{"type":"Feature","id":223935,"properties":{"OBJECTID":223935,"PRIMENAME":"West Hildreth Avenue","ELEVTYP_F":0,"ELEVTYP_T":0},"geometry":{"type":"LineString","coordinates":[[-74.8296097353361,38.9839943049073],[-74.8302885661036,38.9845644544156],[-74.830749466016,38.9849474839342]]}},{"type":"Feature","id":224220,"properties":{"OBJECTID":224220,"PRIMENAME":"Hudson Avenue","ELEVTYP_F":0,"ELEVTYP_T":0},"geometry":{"type":"LineString","coordinates":[[-74.8274025048464,38.9874002270637],[-74.8267372408297,38.9878919223898]]}},{"type":"Feature","id":224588,"properties":{"OBJECTID":224588,"PRIMENAME":"East Forget Me Not Road","ELEVTYP_F":0,"ELEVTYP_T":0},"geometry":{"type":"LineString","coordinates":[[-74.8342347757821,38.9745336902082],[-74.8340276089796,38.9743587405792],[-74.8332993638597,38.9737532497227]]}},{"type":"Feature","id":225384,"properties":{"OBJECTID":225384,"PRIMENAME":"Pacific Avenue","ELEVTYP_F":0,"ELEVTYP_T":0},"geometry":{"type":"LineString","coordinates":[[-74.8425698793052,38.9684317242968],[-74.8419785092991,38.9688635416442]]}},{"type":"Feature","id":225608,"properties":{"OBJECTID":225608,"PRIMENAME":"Pacific Avenue","ELEVTYP_F":0,"ELEVTYP_T":0},"geometry":{"type":"LineString","coordinates":[[-74.8520638187765,38.9614824196355],[-74.8518036729121,38.9616757430032],[-74.8517999316045,38.9616784505785]]}},{"type":"Feature","id":226249,"properties":{"OBJECTID":226249,"PRIMENAME":"West Bennett Avenue","ELEVTYP_F":0,"ELEVTYP_T":0},"geometry":{"type":"LineString","coordinates":[[-74.8289429955497,38.9844836830534],[-74.8285656401097,38.9841715010883],[-74.82832791976,38.9839732060913]]}},{"type":"Feature","id":226939,"properties":{"OBJECTID":226939,"PRIMENAME":"Pacific Avenue","ELEVTYP_F":0,"ELEVTYP_T":0},"geometry":{"type":"LineString","coordinates":[[-74.8400853872045,38.9702521567891],[-74.8394405588337,38.9707210759226]]}},{"type":"Feature","id":227588,"properties":{"OBJECTID":227588,"PRIMENAME":"Bayview Avenue","ELEVTYP_F":0,"ELEVTYP_T":0},"geometry":{"type":"LineString","coordinates":[[-74.8478772224826,38.9691346682569],[-74.8479725610453,38.9691024221666],[-74.8482839413225,38.9689920983336],[-74.8484914873667,38.9689173959624],[-74.8486403626024,38.9688569544674],[-74.8486732071069,38.9688411227016]]}},{"type":"Feature","id":227609,"properties":{"OBJECTID":227609,"PRIMENAME":"New Jersey Avenue","ELEVTYP_F":0,"ELEVTYP_T":0},"geometry":{"type":"LineString","coordinates":[[-74.8206748456117,38.9870179351677],[-74.8203651284019,38.9872433128996],[-74.8200035241459,38.9875097728015]]}},{"type":"Feature","id":227973,"properties":{"OBJECTID":227973,"PRIMENAME":"East Syracuse Avenue","ELEVTYP_F":0,"ELEVTYP_T":0},"geometry":{"type":"LineString","coordinates":[[-74.8443529986491,38.9644149008413],[-74.8447186043377,38.9647194624481],[-74.8459812892882,38.9657730425303],[-74.8460837369523,38.9658581626141]]}},{"type":"Feature","id":228439,"properties":{"OBJECTID":228439,"PRIMENAME":"West Saint Louis Avenue","ELEVTYP_F":0,"ELEVTYP_T":0},"geometry":{"type":"LineString","coordinates":[[-74.8528195689492,38.966364646427],[-74.8517562472891,38.9654775976257],[-74.8511965714807,38.9650106763291],[-74.8509646446281,38.9648171605344]]}},{"type":"Feature","id":229077,"properties":{"OBJECTID":229077,"PRIMENAME":"Ocean Avenue","ELEVTYP_F":0,"ELEVTYP_T":0},"geometry":{"type":"LineString","coordinates":[[-74.8270569086613,38.9757402877184],[-74.8276480553885,38.9753121170299],[-74.8277138597682,38.9752638530194]]}},{"type":"Feature","id":230047,"properties":{"OBJECTID":230047,"PRIMENAME":"FR CO 624 to RT 47 SB","ELEVTYP_F":0,"ELEVTYP_T":0},"geometry":{"type":"LineString","coordinates":[[-74.831258248072,38.9892246635685],[-74.8311574365975,38.9891545192709],[-74.8309148462026,38.9890488884328],[-74.8308056502851,38.9890079880335],[-74.8307588512528,38.9889904601626],[-74.83063577809,38.9889373471884],[-74.8303968060017,38.9888377462089]]}},{"type":"Feature","id":230156,"properties":{"OBJECTID":230156,"PRIMENAME":"Park Boulevard","ELEVTYP_F":0,"ELEVTYP_T":0},"geometry":{"type":"LineString","coordinates":[[-74.8447665236821,38.9693374544268],[-74.8453608873638,38.9689093212145]]}},{"type":"Feature","id":232680,"properties":{"OBJECTID":232680,"PRIMENAME":"East Aster Road","ELEVTYP_F":0,"ELEVTYP_T":0},"geometry":{"type":"LineString","coordinates":[[-74.8270990268054,38.9747945825942],[-74.8271019808617,38.9747942445969],[-74.827125524621,38.9747965956251],[-74.8271546966256,38.9748066729155],[-74.8271894678507,38.9748254395711],[-74.8274237022493,38.9750227029255],[-74.8277138597682,38.9752638530194]]}},{"type":"Feature","id":233437,"properties":{"OBJECTID":233437,"PRIMENAME":"East Atlanta Avenue","ELEVTYP_F":0,"ELEVTYP_T":0},"geometry":{"type":"LineString","coordinates":[[-74.8413786574911,38.9693028759985],[-74.8417587874315,38.9696189910652],[-74.8428117027302,38.9704979784283],[-74.8430063598312,38.9706588075271]]}},{"type":"Feature","id":233531,"properties":{"OBJECTID":233531,"PRIMENAME":"Park Boulevard","ELEVTYP_F":0,"ELEVTYP_T":0},"geometry":{"type":"LineString","coordinates":[[-74.8416945309193,38.9716042074794],[-74.8420864508792,38.9713192205458],[-74.8423487175862,38.9711298397165]]}},{"type":"Feature","id":234252,"properties":{"OBJECTID":234252,"PRIMENAME":"New Jersey Avenue","ELEVTYP_F":0,"ELEVTYP_T":0},"geometry":{"type":"LineString","coordinates":[[-74.8319260299851,38.9787814289784],[-74.8314141659517,38.9791553025726],[-74.8312719941533,38.979257714877]]}},{"type":"Feature","id":234308,"properties":{"OBJECTID":234308,"PRIMENAME":"Arctic Avenue","ELEVTYP_F":0,"ELEVTYP_T":0},"geometry":{"type":"LineString","coordinates":[[-74.82832791976,38.9839732060913],[-74.8289965629311,38.9834849521326]]}},{"type":"Feature","id":234549,"properties":{"OBJECTID":234549,"PRIMENAME":"Beach Avenue","ELEVTYP_F":0,"ELEVTYP_T":0},"geometry":{"type":"LineString","coordinates":[[-74.8245075274944,38.9766662199447],[-74.8251452361789,38.9761993258597]]}},{"type":"Feature","id":235805,"properties":{"OBJECTID":235805,"PRIMENAME":"Seaview Avenue","ELEVTYP_F":0,"ELEVTYP_T":0},"geometry":{"type":"LineString","coordinates":[[-74.84287270084,38.9659100634879],[-74.8427213057329,38.9660677906243],[-74.8423790709125,38.9664238612199]]}},{"type":"Feature","id":236069,"properties":{"OBJECTID":236069,"PRIMENAME":"Pacific Avenue","ELEVTYP_F":0,"ELEVTYP_T":0},"geometry":{"type":"LineString","coordinates":[[-74.8323099029865,38.9759448404656],[-74.8318601937372,38.9762756489189],[-74.8316574192171,38.976423622394]]}},{"type":"Feature","id":236593,"properties":{"OBJECTID":236593,"PRIMENAME":"Atlantic Avenue","ELEVTYP_F":0,"ELEVTYP_T":0},"geometry":{"type":"LineString","coordinates":[[-74.8493404848911,38.9583706839908],[-74.8485324646197,38.9589591696418]]}},{"type":"Feature","id":236746,"properties":{"OBJECTID":236746,"PRIMENAME":"Susquehanna Avenue","ELEVTYP_F":0,"ELEVTYP_T":0},"geometry":{"type":"LineString","coordinates":[[-74.8299064036696,38.9880918534267],[-74.8299556679261,38.9880557714484],[-74.8303631575292,38.9877602097113]]}},{"type":"Feature","id":236911,"properties":{"OBJECTID":236911,"PRIMENAME":"West Crocus Road","ELEVTYP_F":0,"ELEVTYP_T":0},"geometry":{"type":"LineString","coordinates":[[-74.8334689101746,38.9810804637648],[-74.8333664935672,38.9809960741622]]}},{"type":"Feature","id":238136,"properties":{"OBJECTID":238136,"PRIMENAME":"Atlantic Avenue","ELEVTYP_F":0,"ELEVTYP_T":0},"geometry":{"type":"LineString","coordinates":[[-74.8466224364382,38.9603586300525],[-74.8471630039617,38.9599649979085]]}},{"type":"Feature","id":238630,"properties":{"OBJECTID":238630,"PRIMENAME":"Seaview Avenue","ELEVTYP_F":0,"ELEVTYP_T":0},"geometry":{"type":"LineString","coordinates":[[-74.8454302681299,38.9636262669584],[-74.8449960041606,38.9639437641721],[-74.8448924076467,38.964019965769]]}},{"type":"Feature","id":238825,"properties":{"OBJECTID":238825,"PRIMENAME":"East Nashville Avenue","ELEVTYP_F":0,"ELEVTYP_T":0},"geometry":{"type":"LineString","coordinates":[[-74.8382304881825,38.9657443885928],[-74.8394698013582,38.9667739437359],[-74.8397189993865,38.9669801180883]]}},{"type":"Feature","id":238882,"properties":{"OBJECTID":238882,"PRIMENAME":"East Pittsburgh Avenue","ELEVTYP_F":0,"ELEVTYP_T":0},"geometry":{"type":"LineString","coordinates":[[-74.8449981804414,38.9615569263806],[-74.8454052660829,38.9618959062595],[-74.846523710531,38.9628268934537]]}},{"type":"Feature","id":238901,"properties":{"OBJECTID":238901,"PRIMENAME":"East Davis Avenue","ELEVTYP_F":0,"ELEVTYP_T":0},"geometry":{"type":"LineString","coordinates":[[-74.822004610258,38.986047764308],[-74.8218224606377,38.9858975197222],[-74.8206961893331,38.9849567376309],[-74.8203716091537,38.9846846653614]]}},{"type":"Feature","id":238932,"properties":{"OBJECTID":238932,"PRIMENAME":"Seaview Avenue","ELEVTYP_F":0,"ELEVTYP_T":0},"geometry":{"type":"LineString","coordinates":[[-74.8448924076467,38.964019965769],[-74.8444877962551,38.9643175750755],[-74.8443529986491,38.9644149008413]]}},{"type":"Feature","id":239175,"properties":{"OBJECTID":239175,"PRIMENAME":"East Saint Paul Avenue","ELEVTYP_F":0,"ELEVTYP_T":0},"geometry":{"type":"LineString","coordinates":[[-74.8443378365401,38.9671313598758],[-74.8444676909751,38.9672396293499],[-74.8458275095284,38.9683684353979],[-74.8459546168866,38.9684751744489]]}},{"type":"Feature","id":239334,"properties":{"OBJECTID":239334,"PRIMENAME":"Atlantic Avenue","ELEVTYP_F":0,"ELEVTYP_T":0},"geometry":{"type":"LineString","coordinates":[[-74.8207375673385,38.9818467653896],[-74.8202254202228,38.982222649984],[-74.8200692126642,38.9823380749103]]}},{"type":"Feature","id":240745,"properties":{"OBJECTID":240745,"PRIMENAME":"Hudson Avenue","ELEVTYP_F":0,"ELEVTYP_T":0},"geometry":{"type":"LineString","coordinates":[[-74.8247280335842,38.98936070682],[-74.8250368355905,38.9891363903719]]}},{"type":"Feature","id":242071,"properties":{"OBJECTID":242071,"PRIMENAME":"Diamond Sand Drive","ELEVTYP_F":0,"ELEVTYP_T":0},"geometry":{"type":"LineString","coordinates":[[-74.8520638187765,38.9614824196355],[-74.8514307262618,38.9609476014093],[-74.8513958209186,38.9608780009482],[-74.851450196334,38.9608081325538],[-74.8518914860476,38.9604928431174]]}},{"type":"Feature","id":242224,"properties":{"OBJECTID":242224,"PRIMENAME":"Park Boulevard","ELEVTYP_F":0,"ELEVTYP_T":0},"geometry":{"type":"LineString","coordinates":[[-74.8321206693937,38.982011195563],[-74.8316243173465,38.9824193757404],[-74.8315147233969,38.9825083232628]]}},{"type":"Feature","id":242995,"properties":{"OBJECTID":242995,"PRIMENAME":"Beach Avenue","ELEVTYP_F":0,"ELEVTYP_T":0},"geometry":{"type":"LineString","coordinates":[[-74.8310488981353,38.9719081585903],[-74.8310411252805,38.9719083184726],[-74.8310150899205,38.9719147074004],[-74.8309945192009,38.9719236347801],[-74.8307465058692,38.9721064697868],[-74.8304868690221,38.9723015015832],[-74.8304135968202,38.9723542376997]]}},{"type":"Feature","id":244330,"properties":{"OBJECTID":244330,"PRIMENAME":"Seaview Avenue","ELEVTYP_F":0,"ELEVTYP_T":0},"geometry":{"type":"LineString","coordinates":[[-74.8438756939163,38.9648600377504],[-74.8437776452115,38.964963927283],[-74.8435754266001,38.9651717250186],[-74.8433743200558,38.9653842414736]]}},{"type":"Feature","id":245083,"properties":{"OBJECTID":245083,"PRIMENAME":"Hudson Avenue","ELEVTYP_F":0,"ELEVTYP_T":0},"geometry":{"type":"LineString","coordinates":[[-74.8314191911681,38.984458719445],[-74.830749466016,38.9849474839342]]}},{"type":"Feature","id":245584,"properties":{"OBJECTID":245584,"PRIMENAME":"West Denver Avenue","ELEVTYP_F":0,"ELEVTYP_T":0},"geometry":{"type":"LineString","coordinates":[[-74.8486732071069,38.9688411227016],[-74.84790091459,38.968211223491],[-74.8471575995051,38.9675920243699]]}},{"type":"Feature","id":246130,"properties":{"OBJECTID":246130,"PRIMENAME":"Ocean Avenue","ELEVTYP_F":0,"ELEVTYP_T":0},"geometry":{"type":"LineString","coordinates":[[-74.8251041915582,38.977170344138],[-74.8257480007454,38.9766990092527]]}},{"type":"Feature","id":246214,"properties":{"OBJECTID":246214,"PRIMENAME":"East Crocus Road","ELEVTYP_F":0,"ELEVTYP_T":0},"geometry":{"type":"LineString","coordinates":[[-74.8296385352154,38.9778991109601],[-74.8289995922117,38.9773663808454],[-74.8287022449472,38.9771176491966]]}},{"type":"Feature","id":247317,"properties":{"OBJECTID":247317,"PRIMENAME":"Seaview Avenue","ELEVTYP_F":0,"ELEVTYP_T":0},"geometry":{"type":"LineString","coordinates":[[-74.8404051736387,38.9684920700634],[-74.8403404180986,38.9685579393454],[-74.8402164410357,38.9686553935858],[-74.8400056727217,38.9688082102287],[-74.8397685947719,38.9689832346898]]}},{"type":"Feature","id":248625,"properties":{"OBJECTID":248625,"PRIMENAME":"East Aster Road","ELEVTYP_F":0,"ELEVTYP_T":0},"geometry":{"type":"LineString","coordinates":[[-74.8293575560409,38.9766361290891],[-74.8295713877413,38.9768155706532],[-74.8302942144127,38.9774208808841]]}},{"type":"Feature","id":248874,"properties":{"OBJECTID":248874,"PRIMENAME":"East Stockton Road","ELEVTYP_F":0,"ELEVTYP_T":0},"geometry":{"type":"LineString","coordinates":[[-74.836785757345,38.9685072937194],[-74.836357420467,38.9681514316228],[-74.8357513683956,38.9676486821472]]}},{"type":"Feature","id":249038,"properties":{"OBJECTID":249038,"PRIMENAME":"East Columbine Road","ELEVTYP_F":0,"ELEVTYP_T":0},"geometry":{"type":"LineString","coordinates":[[-74.8345852784959,38.9768372462193],[-74.8336622571381,38.9760658623136],[-74.8329525931123,38.975472370852]]}},{"type":"Feature","id":249503,"properties":{"OBJECTID":249503,"PRIMENAME":"Ocean Avenue","ELEVTYP_F":0,"ELEVTYP_T":0},"geometry":{"type":"LineString","coordinates":[[-74.836785757345,38.9685072937194],[-74.8368851315174,38.9684125500759],[-74.8373500929229,38.9679759619723]]}},{"type":"Feature","id":249947,"properties":{"OBJECTID":249947,"PRIMENAME":"West Palm Road","ELEVTYP_F":0,"ELEVTYP_T":0},"geometry":{"type":"LineString","coordinates":[[-74.8385663185485,38.9761413616868],[-74.8382177215017,38.9758474686772]]}},{"type":"Feature","id":250573,"properties":{"OBJECTID":250573,"PRIMENAME":"Pacific Avenue","ELEVTYP_F":0,"ELEVTYP_T":0},"geometry":{"type":"LineString","coordinates":[[-74.8388002852423,38.9711881098477],[-74.8381373188638,38.9716780519679]]}},{"type":"Feature","id":251035,"properties":{"OBJECTID":251035,"PRIMENAME":"Park Boulevard","ELEVTYP_F":0,"ELEVTYP_T":0},"geometry":{"type":"LineString","coordinates":[[-74.8542649365286,38.9624653081138],[-74.854531747613,38.9622691303199],[-74.8546725436353,38.9621660369345],[-74.8547992602819,38.9620732524705]]}},{"type":"Feature","id":252058,"properties":{"OBJECTID":252058,"PRIMENAME":"Buttercup Road","ELEVTYP_F":0,"ELEVTYP_T":0},"geometry":{"type":"LineString","coordinates":[[-74.8389119906565,38.9872319916754],[-74.8398782390272,38.9876666723711]]}},{"type":"Feature","id":252187,"properties":{"OBJECTID":252187,"PRIMENAME":"East Hand Avenue","ELEVTYP_F":0,"ELEVTYP_T":0},"geometry":{"type":"LineString","coordinates":[[-74.8220830856078,38.98086545636],[-74.8219100195185,38.9807215026543],[-74.8211346807823,38.9800714465135]]}},{"type":"Feature","id":252304,"properties":{"OBJECTID":252304,"PRIMENAME":"East Rosemary Road","ELEVTYP_F":0,"ELEVTYP_T":0},"geometry":{"type":"LineString","coordinates":[[-74.8310074889947,38.9728510356948],[-74.8310925227763,38.9729221034631],[-74.8319599941514,38.9736389962675]]}},{"type":"Feature","id":252763,"properties":{"OBJECTID":252763,"PRIMENAME":"East Orchid Road","ELEVTYP_F":0,"ELEVTYP_T":0},"geometry":{"type":"LineString","coordinates":[[-74.8369652996487,38.9696615149173],[-74.8378453930526,38.9703954065295]]}},{"type":"Feature","id":253560,"properties":{"OBJECTID":253560,"PRIMENAME":"East Wisteria Road","ELEVTYP_F":0,"ELEVTYP_T":0},"geometry":{"type":"LineString","coordinates":[[-74.8297244505382,38.9737900403289],[-74.8298694073061,38.9739104476665],[-74.8306745142909,38.9745826864573]]}},{"type":"Feature","id":253629,"properties":{"OBJECTID":253629,"PRIMENAME":"East Rambler Road","ELEVTYP_F":0,"ELEVTYP_T":0},"geometry":{"type":"LineString","coordinates":[[-74.8356252879697,38.9695897828749],[-74.8349747376403,38.9690473238272],[-74.8349413519665,38.9690194855651],[-74.8344984615571,38.9686491878069]]}},{"type":"Feature","id":253774,"properties":{"OBJECTID":253774,"PRIMENAME":"Susquehanna Avenue","ELEVTYP_F":0,"ELEVTYP_T":0},"geometry":{"type":"LineString","coordinates":[[-74.8276839018022,38.9897211822373],[-74.827867965823,38.9895874913523],[-74.8283497177376,38.9892325006964]]}},{"type":"Feature","id":253955,"properties":{"OBJECTID":253955,"PRIMENAME":"East Louisville Avenue","ELEVTYP_F":0,"ELEVTYP_T":0},"geometry":{"type":"LineString","coordinates":[[-74.8402125399507,38.9664647670748],[-74.8398266446215,38.966144572713],[-74.8388049260258,38.965295643402]]}},{"type":"Feature","id":254109,"properties":{"OBJECTID":254109,"PRIMENAME":"East Nashville Avenue","ELEVTYP_F":0,"ELEVTYP_T":0},"geometry":{"type":"LineString","coordinates":[[-74.8409057959513,38.9679632681615],[-74.8419785092991,38.9688635416442]]}},{"type":"Feature","id":254245,"properties":{"OBJECTID":254245,"PRIMENAME":"Ocean Avenue","ELEVTYP_F":0,"ELEVTYP_T":0},"geometry":{"type":"LineString","coordinates":[[-74.8238076988415,38.9781168168438],[-74.8233787420106,38.9784275726943],[-74.8231322597448,38.978608410635]]}},{"type":"Feature","id":254503,"properties":{"OBJECTID":254503,"PRIMENAME":"Park Boulevard","ELEVTYP_F":0,"ELEVTYP_T":0},"geometry":{"type":"LineString","coordinates":[[-74.8242560827892,38.9879197121912],[-74.8239684371222,38.988130567521],[-74.8239006187192,38.9881800159583]]}},{"type":"Feature","id":254846,"properties":{"OBJECTID":254846,"PRIMENAME":"West Tacony Road","ELEVTYP_F":0,"ELEVTYP_T":0},"geometry":{"type":"LineString","coordinates":[[-74.8246292839884,38.987645627914],[-74.8253846070921,38.9882637547751],[-74.8257818296305,38.9885946725478]]}},{"type":"Feature","id":255133,"properties":{"OBJECTID":255133,"PRIMENAME":"East Saint Paul Avenue","ELEVTYP_F":0,"ELEVTYP_T":0},"geometry":{"type":"LineString","coordinates":[[-74.8416821030154,38.9649248577804],[-74.8427776000907,38.9658308232863],[-74.84287270084,38.9659100634879]]}},{"type":"Feature","id":255300,"properties":{"OBJECTID":255300,"PRIMENAME":"East Stockton Road","ELEVTYP_F":0,"ELEVTYP_T":0},"geometry":{"type":"LineString","coordinates":[[-74.8394405588337,38.9707210759226],[-74.8385758407726,38.969999836913],[-74.8384832799989,38.9699222056579]]}},{"type":"Feature","id":255566,"properties":{"OBJECTID":255566,"PRIMENAME":"Atlantic Avenue","ELEVTYP_F":0,"ELEVTYP_T":0},"geometry":{"type":"LineString","coordinates":[[-74.8392237702432,38.9675043958792],[-74.8396772461916,38.9670237064707],[-74.8397189993865,38.9669801180883]]}},{"type":"Feature","id":255846,"properties":{"OBJECTID":255846,"PRIMENAME":"New Jersey Avenue","ELEVTYP_F":0,"ELEVTYP_T":0},"geometry":{"type":"LineString","coordinates":[[-74.8246808912319,38.9840860508613],[-74.824302432407,38.984367892989],[-74.8240124754899,38.9845780135458]]}},{"type":"Feature","id":258069,"properties":{"OBJECTID":258069,"PRIMENAME":"Park Boulevard","ELEVTYP_F":0,"ELEVTYP_T":0},"geometry":{"type":"LineString","coordinates":[[-74.8269354627879,38.9859570048417],[-74.8263266168661,38.9864046335078],[-74.8262620936892,38.9864510544139]]}},{"type":"Feature","id":258175,"properties":{"OBJECTID":258175,"PRIMENAME":"Park Boulevard","ELEVTYP_F":0,"ELEVTYP_T":0},"geometry":{"type":"LineString","coordinates":[[-74.8487767216254,38.9664092273406],[-74.8491937041437,38.9661038782636],[-74.8493147174736,38.9660151545466]]}},{"type":"Feature","id":258228,"properties":{"OBJECTID":258228,"PRIMENAME":"East Stanton Road","ELEVTYP_F":0,"ELEVTYP_T":0},"geometry":{"type":"LineString","coordinates":[[-74.8400853872045,38.9702521567891],[-74.8413139938025,38.9712787569364],[-74.8416945309193,38.9716042074794]]}},{"type":"Feature","id":258237,"properties":{"OBJECTID":258237,"PRIMENAME":"Arctic Avenue","ELEVTYP_F":0,"ELEVTYP_T":0},"geometry":{"type":"LineString","coordinates":[[-74.8256508927515,38.9859413760652],[-74.826320900897,38.9854469961476]]}},{"type":"Feature","id":258826,"properties":{"OBJECTID":258826,"PRIMENAME":"West Baker Avenue","ELEVTYP_F":0,"ELEVTYP_T":0},"geometry":{"type":"LineString","coordinates":[[-74.8223006459133,38.9883858813646],[-74.8216362341555,38.9878315444285],[-74.8210855699056,38.9873611341406]]}},{"type":"Feature","id":259584,"properties":{"OBJECTID":259584,"PRIMENAME":"East Fern Road","ELEVTYP_F":0,"ELEVTYP_T":0},"geometry":{"type":"LineString","coordinates":[[-74.832288350146,38.9719124338491],[-74.833160077191,38.9726369396823],[-74.8332380137678,38.9727017381001]]}},{"type":"Feature","id":259678,"properties":{"OBJECTID":259678,"PRIMENAME":"Atlantic Avenue","ELEVTYP_F":0,"ELEVTYP_T":0},"geometry":{"type":"LineString","coordinates":[[-74.8247517304858,38.9789074959038],[-74.8254071490859,38.9784322038293]]}},{"type":"Feature","id":260621,"properties":{"OBJECTID":260621,"PRIMENAME":"West Montgomery Avenue","ELEVTYP_F":0,"ELEVTYP_T":0},"geometry":{"type":"LineString","coordinates":[[-74.8217497021024,38.9868686227461],[-74.8219244658069,38.9870110340571],[-74.8229084341018,38.9878353628737],[-74.8229770896909,38.9878925876504]]}},{"type":"Feature","id":261268,"properties":{"OBJECTID":261268,"PRIMENAME":"New Jersey Avenue","ELEVTYP_F":0,"ELEVTYP_T":0},"geometry":{"type":"LineString","coordinates":[[-74.822004610258,38.986047764308],[-74.8218150753295,38.9861855240159],[-74.8213386987035,38.9865337193101]]}},{"type":"Feature","id":261858,"properties":{"OBJECTID":261858,"PRIMENAME":"Atlantic Avenue","ELEVTYP_F":0,"ELEVTYP_T":0},"geometry":{"type":"LineString","coordinates":[[-74.8426816533399,38.9638674380602],[-74.8429432660756,38.9635850277083],[-74.8431255056313,38.9633920351617]]}},{"type":"Feature","id":262147,"properties":{"OBJECTID":262147,"PRIMENAME":"West Youngs Avenue","ELEVTYP_F":0,"ELEVTYP_T":0},"geometry":{"type":"LineString","coordinates":[[-74.82097316721,38.9893569552488],[-74.8200773527794,38.9886147435794],[-74.8194443768795,38.9880767288831],[-74.8193442596314,38.9879937216137]]}},{"type":"Feature","id":262775,"properties":{"OBJECTID":262775,"PRIMENAME":"Unnamed Segment","ELEVTYP_F":0,"ELEVTYP_T":0},"geometry":{"type":"LineString","coordinates":[[-74.8525988584968,38.9583747209683],[-74.8524408560588,38.9582345456295],[-74.8523929236332,38.9581920225357],[-74.8523615557917,38.9581458468397],[-74.8523815041188,38.958045447887],[-74.8523811201046,38.957967913102],[-74.8521875519773,38.9578065842898],[-74.8521697561363,38.9577519066262],[-74.852198714848,38.9577016507759],[-74.8522743816767,38.9576466901458]]}},{"type":"Feature","id":263247,"properties":{"OBJECTID":263247,"PRIMENAME":"East Hildreth Avenue","ELEVTYP_F":0,"ELEVTYP_T":0},"geometry":{"type":"LineString","coordinates":[[-74.8231322597448,38.978608410635],[-74.8240850207945,38.9794004158433]]}},{"type":"Feature","id":263810,"properties":{"OBJECTID":263810,"PRIMENAME":"Pacific Avenue","ELEVTYP_F":0,"ELEVTYP_T":0},"geometry":{"type":"LineString","coordinates":[[-74.8316574192171,38.976423622394],[-74.8312883267368,38.9766929396899],[-74.8309762066264,38.9769217858896]]}},{"type":"Feature","id":264485,"properties":{"OBJECTID":264485,"PRIMENAME":"East Cresse Avenue","ELEVTYP_F":0,"ELEVTYP_T":0},"geometry":{"type":"LineString","coordinates":[[-74.828030833848,38.9816368354395],[-74.8278215551093,38.9814628980276],[-74.8267014547581,38.980527152963],[-74.8263903402217,38.9802692004185]]}},{"type":"Feature","id":264554,"properties":{"OBJECTID":264554,"PRIMENAME":"Dock Street","ELEVTYP_F":0,"ELEVTYP_T":0},"geometry":{"type":"LineString","coordinates":[[-74.8250368355905,38.9891363903719],[-74.8249302101525,38.9890475297143],[-74.8242586425445,38.9884807624805],[-74.8239006187192,38.9881800159583]]}},{"type":"Feature","id":264836,"properties":{"OBJECTID":264836,"PRIMENAME":"Atlantic Avenue","ELEVTYP_F":0,"ELEVTYP_T":0},"geometry":{"type":"LineString","coordinates":[[-74.8431255056313,38.9633920351617],[-74.843562274509,38.9629293923724],[-74.8435714072644,38.9629195352168]]}},{"type":"Feature","id":264884,"properties":{"OBJECTID":264884,"PRIMENAME":"West Lavender Road","ELEVTYP_F":0,"ELEVTYP_T":0},"geometry":{"type":"LineString","coordinates":[[-74.829966924188,38.9802188604675],[-74.8311247267915,38.981174346594],[-74.8321206693937,38.982011195563]]}},{"type":"Feature","id":265495,"properties":{"OBJECTID":265495,"PRIMENAME":"East Primrose Road","ELEVTYP_F":0,"ELEVTYP_T":0},"geometry":{"type":"LineString","coordinates":[[-74.8365272888162,38.9713885162417],[-74.8361584683254,38.9710883050806],[-74.835822419653,38.9708074661631]]}},{"type":"Feature","id":265583,"properties":{"OBJECTID":265583,"PRIMENAME":"East Cardinal Road","ELEVTYP_F":0,"ELEVTYP_T":0},"geometry":{"type":"LineString","coordinates":[[-74.8300398972122,38.9761365718675],[-74.8295939087636,38.9757623378615],[-74.8293409410632,38.9755551916147]]}},{"type":"Feature","id":265641,"properties":{"OBJECTID":265641,"PRIMENAME":"Unnamed Segment","ELEVTYP_F":0,"ELEVTYP_T":0},"geometry":{"type":"LineString","coordinates":[[-74.8372596097928,38.9890808832226],[-74.8371826118598,38.9890958826211],[-74.8370596102001,38.9892708830808],[-74.8369521494583,38.9903485761498]]}},{"type":"Feature","id":265960,"properties":{"OBJECTID":265960,"PRIMENAME":"Seaview Avenue","ELEVTYP_F":0,"ELEVTYP_T":0},"geometry":{"type":"LineString","coordinates":[[-74.8365272888162,38.9713885162417],[-74.8361705097668,38.9716488896494],[-74.8358873182516,38.9718578404154]]}},{"type":"Feature","id":266064,"properties":{"OBJECTID":266064,"PRIMENAME":"Pacific Avenue","ELEVTYP_F":0,"ELEVTYP_T":0},"geometry":{"type":"LineString","coordinates":[[-74.823028450955,38.9827433203094],[-74.8225451640142,38.983097099961],[-74.8223809208601,38.9832169707184]]}},{"type":"Feature","id":266357,"properties":{"OBJECTID":266357,"PRIMENAME":"East Bennett Avenue","ELEVTYP_F":0,"ELEVTYP_T":0},"geometry":{"type":"LineString","coordinates":[[-74.8234209106434,38.9798868168874],[-74.8224690612755,38.9790938434793]]}},{"type":"Feature","id":266424,"properties":{"OBJECTID":266424,"PRIMENAME":"West Primrose Road","ELEVTYP_F":0,"ELEVTYP_T":0},"geometry":{"type":"LineString","coordinates":[[-74.8394174555073,38.9738028884893],[-74.8393909972281,38.973779653725],[-74.8392277739481,38.9736381400787]]}},{"type":"Feature","id":266766,"properties":{"OBJECTID":266766,"PRIMENAME":"Diane Avenue","ELEVTYP_F":0,"ELEVTYP_T":0},"geometry":{"type":"LineString","coordinates":[[-74.8391186125843,38.9861498830772],[-74.8405675388235,38.9868278101959]]}},{"type":"Feature","id":266858,"properties":{"OBJECTID":266858,"PRIMENAME":"East Raleigh Avenue","ELEVTYP_F":0,"ELEVTYP_T":0},"geometry":{"type":"LineString","coordinates":[[-74.8536051085805,38.9576264557239],[-74.8541360415592,38.9580645940283],[-74.8553414598665,38.9590695639374]]}},{"type":"Feature","id":266928,"properties":{"OBJECTID":266928,"PRIMENAME":"Atlantic Avenue","ELEVTYP_F":0,"ELEVTYP_T":0},"geometry":{"type":"LineString","coordinates":[[-74.8214153418791,38.9813632248592],[-74.8209795431665,38.9816691583648],[-74.8207375673385,38.9818467653896]]}},{"type":"Feature","id":267106,"properties":{"OBJECTID":267106,"PRIMENAME":"Ocean Avenue","ELEVTYP_F":0,"ELEVTYP_T":0},"geometry":{"type":"LineString","coordinates":[[-74.8283925797344,38.9747651938292],[-74.828859120863,38.9744216372846],[-74.8290721332994,38.9742661715693]]}},{"type":"Feature","id":268510,"properties":{"OBJECTID":268510,"PRIMENAME":"East Saint Louis Avenue","ELEVTYP_F":0,"ELEVTYP_T":0},"geometry":{"type":"LineString","coordinates":[[-74.8493424617792,38.9634715632205],[-74.8486019041119,38.9628545607989],[-74.8479892683851,38.9623446998204],[-74.8476090109944,38.9620289617602]]}},{"type":"Feature","id":269620,"properties":{"OBJECTID":269620,"PRIMENAME":"East Columbine Road","ELEVTYP_F":0,"ELEVTYP_T":0},"geometry":{"type":"LineString","coordinates":[[-74.8320181650074,38.9746914507637],[-74.8313192317018,38.9741076930567]]}},{"type":"Feature","id":269872,"properties":{"OBJECTID":269872,"PRIMENAME":"Park Boulevard","ELEVTYP_F":0,"ELEVTYP_T":0},"geometry":{"type":"LineString","coordinates":[[-74.8246292839884,38.987645627914],[-74.8245267549767,38.9877212037579],[-74.8242560827892,38.9879197121912]]}},{"type":"Feature","id":269961,"properties":{"OBJECTID":269961,"PRIMENAME":"Keo Drive","ELEVTYP_F":0,"ELEVTYP_T":0},"geometry":{"type":"LineString","coordinates":[[-74.8403294021548,38.9890128336915],[-74.8389661100778,38.9883926474213]]}},{"type":"Feature","id":270363,"properties":{"OBJECTID":270363,"PRIMENAME":"West Crocus Road","ELEVTYP_F":0,"ELEVTYP_T":0},"geometry":{"type":"LineString","coordinates":[[-74.8333664935672,38.9809960741622],[-74.833133125092,38.9808039005007],[-74.8325672929481,38.9803291927428],[-74.8314645397628,38.9794188428481],[-74.8312719941533,38.979257714877]]}},{"type":"Feature","id":270573,"properties":{"OBJECTID":270573,"PRIMENAME":"East Bennett Avenue","ELEVTYP_F":0,"ELEVTYP_T":0},"geometry":{"type":"LineString","coordinates":[[-74.8266960160234,38.9826123894012],[-74.8264945050366,38.9824443862123],[-74.8255413945103,38.981667751109],[-74.8250565421027,38.9812593675557]]}},{"type":"Feature","id":270955,"properties":{"OBJECTID":270955,"PRIMENAME":"West Leaming Avenue","ELEVTYP_F":0,"ELEVTYP_T":0},"geometry":{"type":"LineString","coordinates":[[-74.8294194923933,38.9859260195491],[-74.8304489685656,38.9867764886078],[-74.8310090511858,38.9872473504525]]}},{"type":"Feature","id":272330,"properties":{"OBJECTID":272330,"PRIMENAME":"East Hollywood Avenue","ELEVTYP_F":0,"ELEVTYP_T":0},"geometry":{"type":"LineString","coordinates":[[-74.8454302681299,38.9636262669584],[-74.8459730462167,38.9640783289061],[-74.8470997382295,38.9650114550041],[-74.8471653537541,38.9650660397816]]}},{"type":"Feature","id":273117,"properties":{"OBJECTID":273117,"PRIMENAME":"Ocean Avenue","ELEVTYP_F":0,"ELEVTYP_T":0},"geometry":{"type":"LineString","coordinates":[[-74.8204603835305,38.9805669754857],[-74.8202933097599,38.9806903104506],[-74.8198530328748,38.9810097614563],[-74.8197826244223,38.9810614118651]]}},{"type":"Feature","id":274041,"properties":{"OBJECTID":274041,"PRIMENAME":"West Leaming Avenue","ELEVTYP_F":0,"ELEVTYP_T":0},"geometry":{"type":"LineString","coordinates":[[-74.8260303871456,38.9830999353804],[-74.8262504659257,38.9832815616692],[-74.8271757447957,38.9840664233903],[-74.8276576930279,38.9844637128003]]}},{"type":"Feature","id":274303,"properties":{"OBJECTID":274303,"PRIMENAME":"Pacific Avenue","ELEVTYP_F":0,"ELEVTYP_T":0},"geometry":{"type":"LineString","coordinates":[[-74.8335938065004,38.9750020702799],[-74.8334975409529,38.9750722823751],[-74.8329525931123,38.975472370852]]}},{"type":"Feature","id":274308,"properties":{"OBJECTID":274308,"PRIMENAME":"East Preston Avenue","ELEVTYP_F":0,"ELEVTYP_T":0},"geometry":{"type":"LineString","coordinates":[[-74.8435714072644,38.9629195352168],[-74.8433945565723,38.9627712035137],[-74.8427411145859,38.9622296658684]]}},{"type":"Feature","id":274372,"properties":{"OBJECTID":274372,"PRIMENAME":"Park Boulevard","ELEVTYP_F":0,"ELEVTYP_T":0},"geometry":{"type":"LineString","coordinates":[[-74.8397616326365,38.973040463913],[-74.8401407745911,38.972742725756],[-74.8404165754195,38.9725421337012]]}},{"type":"Feature","id":274897,"properties":{"OBJECTID":274897,"PRIMENAME":"East Palm Road","ELEVTYP_F":0,"ELEVTYP_T":0},"geometry":{"type":"LineString","coordinates":[[-74.8371555795564,38.974956357919],[-74.8362389279901,38.9741935709126],[-74.835517350595,38.9735957626886]]}},{"type":"Feature","id":275077,"properties":{"OBJECTID":275077,"PRIMENAME":"Seaview Avenue","ELEVTYP_F":0,"ELEVTYP_T":0},"geometry":{"type":"LineString","coordinates":[[-74.8530587498419,38.9580327654729],[-74.8525988584968,38.9583747209683]]}},{"type":"Feature","id":275663,"properties":{"OBJECTID":275663,"PRIMENAME":"Seaview Avenue","ELEVTYP_F":0,"ELEVTYP_T":0},"geometry":{"type":"LineString","coordinates":[[-74.8287022449472,38.9771176491966],[-74.8283997939588,38.9773399254852],[-74.828048769609,38.9775949858245]]}},{"type":"Feature","id":276119,"properties":{"OBJECTID":276119,"PRIMENAME":"Bayview Avenue","ELEVTYP_F":0,"ELEVTYP_T":0},"geometry":{"type":"LineString","coordinates":[[-74.8522785424231,38.9667612984347],[-74.852714749795,38.9664416000384],[-74.8528195689492,38.966364646427]]}},{"type":"Feature","id":276240,"properties":{"OBJECTID":276240,"PRIMENAME":"East Cresse Avenue","ELEVTYP_F":0,"ELEVTYP_T":0},"geometry":{"type":"LineString","coordinates":[[-74.8263903402217,38.9802692004185],[-74.8256272184779,38.9796366032396],[-74.8254523479062,38.9794914247121]]}},{"type":"Feature","id":276579,"properties":{"OBJECTID":276579,"PRIMENAME":"Susquehanna Avenue","ELEVTYP_F":0,"ELEVTYP_T":0},"geometry":{"type":"LineString","coordinates":[[-74.8296903212456,38.988250185671],[-74.8299064036696,38.9880918534267]]}},{"type":"Feature","id":276898,"properties":{"OBJECTID":276898,"PRIMENAME":"Ocean Avenue","ELEVTYP_F":0,"ELEVTYP_T":0},"geometry":{"type":"LineString","coordinates":[[-74.8316475121152,38.9723839065361],[-74.8322567635786,38.9719352868841],[-74.832288350146,38.9719124338491]]}},{"type":"Feature","id":276986,"properties":{"OBJECTID":276986,"PRIMENAME":"Buttercup Road","ELEVTYP_F":0,"ELEVTYP_T":0},"geometry":{"type":"LineString","coordinates":[[-74.838215611912,38.9869008825402],[-74.8387010123163,38.98713167775],[-74.8389119906565,38.9872319916754]]}},{"type":"Feature","id":277420,"properties":{"OBJECTID":277420,"PRIMENAME":"Turtle Gut Circle","ELEVTYP_F":0,"ELEVTYP_T":0},"geometry":{"type":"LineString","coordinates":[[-74.8512641798718,38.9577227097764],[-74.8507979008145,38.9573409953378]]}},{"type":"Feature","id":277506,"properties":{"OBJECTID":277506,"PRIMENAME":"Pacific Avenue","ELEVTYP_F":0,"ELEVTYP_T":0},"geometry":{"type":"LineString","coordinates":[[-74.8250565421027,38.9812593675557],[-74.8243945922466,38.9817434626701]]}},{"type":"Feature","id":278105,"properties":{"OBJECTID":278105,"PRIMENAME":"Hudson Avenue","ELEVTYP_F":0,"ELEVTYP_T":0},"geometry":{"type":"LineString","coordinates":[[-74.8250368355905,38.9891363903719],[-74.82513604021,38.9890642826777]]}},{"type":"Feature","id":278659,"properties":{"OBJECTID":278659,"PRIMENAME":"Pacific Avenue","ELEVTYP_F":0,"ELEVTYP_T":0},"geometry":{"type":"LineString","coordinates":[[-74.8374645787078,38.9721708472797],[-74.837438533512,38.9721898966447],[-74.8370642353698,38.9724648760038],[-74.8368245665148,38.9726391055219]]}},{"type":"Feature","id":279436,"properties":{"OBJECTID":279436,"PRIMENAME":"East Bennett Avenue","ELEVTYP_F":0,"ELEVTYP_T":0},"geometry":{"type":"LineString","coordinates":[[-74.8250565421027,38.9812593675557],[-74.8246547559454,38.9809209634277],[-74.8235474021836,38.9799921819162],[-74.8234209106434,38.9798868168874]]}},{"type":"Feature","id":280718,"properties":{"OBJECTID":280718,"PRIMENAME":"East Burk Avenue","ELEVTYP_F":0,"ELEVTYP_T":0},"geometry":{"type":"LineString","coordinates":[[-74.8210464193306,38.9841927599624],[-74.8222226307682,38.9851701408829],[-74.8226783983855,38.985554892082]]}},{"type":"Feature","id":280733,"properties":{"OBJECTID":280733,"PRIMENAME":"East Primrose Road","ELEVTYP_F":0,"ELEVTYP_T":0},"geometry":{"type":"LineString","coordinates":[[-74.8374645787078,38.9721708472797],[-74.8366207569807,38.9714645536794],[-74.8365272888162,38.9713885162417]]}},{"type":"Feature","id":280849,"properties":{"OBJECTID":280849,"PRIMENAME":"Bennett Avenue","ELEVTYP_F":0,"ELEVTYP_T":0},"geometry":{"type":"LineString","coordinates":[[-74.8313843699305,38.9866249788085],[-74.8319370042823,38.9868825380789],[-74.8320739306566,38.9869966330301]]}},{"type":"Feature","id":281151,"properties":{"OBJECTID":281151,"PRIMENAME":"Seaview Avenue","ELEVTYP_F":0,"ELEVTYP_T":0},"geometry":{"type":"LineString","coordinates":[[-74.851147383934,38.9594394389017],[-74.850872041705,38.95964129035]]}},{"type":"Feature","id":281397,"properties":{"OBJECTID":281397,"PRIMENAME":"East Rosemary Road","ELEVTYP_F":0,"ELEVTYP_T":0},"geometry":{"type":"LineString","coordinates":[[-74.8326583536924,38.9742201149824],[-74.8332280423837,38.9746949487878],[-74.8335938065004,38.9750020702799]]}},{"type":"Feature","id":282426,"properties":{"OBJECTID":282426,"PRIMENAME":"Channel Avenue","ELEVTYP_F":0,"ELEVTYP_T":0},"geometry":{"type":"LineString","coordinates":[[-74.8403868352597,38.9885197584637],[-74.8403294021548,38.9890128336915]]}},{"type":"Feature","id":283061,"properties":{"OBJECTID":283061,"PRIMENAME":"New Jersey Avenue","ELEVTYP_F":0,"ELEVTYP_T":0},"geometry":{"type":"LineString","coordinates":[[-74.835870730481,38.9758974123585],[-74.8353043844262,38.9763087485794],[-74.8352248079183,38.9763673533166]]}},{"type":"Feature","id":283447,"properties":{"OBJECTID":283447,"PRIMENAME":"New Jersey Avenue","ELEVTYP_F":0,"ELEVTYP_T":0},"geometry":{"type":"LineString","coordinates":[[-74.828030833848,38.9816368354395],[-74.8279061046581,38.981724943792],[-74.8274644914613,38.9820459090972],[-74.8273598008284,38.982123388973]]}},{"type":"Feature","id":283494,"properties":{"OBJECTID":283494,"PRIMENAME":"East Miami Avenue","ELEVTYP_F":0,"ELEVTYP_T":0},"geometry":{"type":"LineString","coordinates":[[-74.8393715849237,38.9648468900546],[-74.8405370221629,38.9658072063596],[-74.8407038804914,38.9659469222571]]}},{"type":"Feature","id":284046,"properties":{"OBJECTID":284046,"PRIMENAME":"East Newark Avenue","ELEVTYP_F":0,"ELEVTYP_T":0},"geometry":{"type":"LineString","coordinates":[[-74.8504203843838,38.9626795039497],[-74.849289289993,38.9617393653249],[-74.8486883858956,38.9612396598154]]}},{"type":"Feature","id":284514,"properties":{"OBJECTID":284514,"PRIMENAME":"East Lavender Road","ELEVTYP_F":0,"ELEVTYP_T":0},"geometry":{"type":"LineString","coordinates":[[-74.828333779028,38.9788513965225],[-74.8287196213424,38.979171519311],[-74.8298636295515,38.9801336198356],[-74.829966924188,38.9802188604675]]}},{"type":"Feature","id":284659,"properties":{"OBJECTID":284659,"PRIMENAME":"West Sweetbriar Road","ELEVTYP_F":0,"ELEVTYP_T":0},"geometry":{"type":"LineString","coordinates":[[-74.8351658114432,38.9793364122318],[-74.8348949716995,38.9791202406947],[-74.8342295049769,38.978561090434],[-74.8332861138054,38.9777856992452]]}},{"type":"Feature","id":285450,"properties":{"OBJECTID":285450,"PRIMENAME":"Pacific Avenue","ELEVTYP_F":0,"ELEVTYP_T":0},"geometry":{"type":"LineString","coordinates":[[-74.8413786574911,38.9693028759985],[-74.8407218823797,38.969785703351]]}},{"type":"Feature","id":286365,"properties":{"OBJECTID":286365,"PRIMENAME":"West Baker Avenue","ELEVTYP_F":0,"ELEVTYP_T":0},"geometry":{"type":"LineString","coordinates":[[-74.8229205654462,38.9888946736816],[-74.8224174036987,38.9884832836643],[-74.8223006459133,38.9883858813646]]}},{"type":"Feature","id":288192,"properties":{"OBJECTID":288192,"PRIMENAME":"East Forget Me Not Road","ELEVTYP_F":0,"ELEVTYP_T":0},"geometry":{"type":"LineString","coordinates":[[-74.8332993638597,38.9737532497227],[-74.8329578463467,38.9734693157217],[-74.8325977650871,38.9731715674761]]}},{"type":"Feature","id":288805,"properties":{"OBJECTID":288805,"PRIMENAME":"Park Boulevard","ELEVTYP_F":0,"ELEVTYP_T":0},"geometry":{"type":"LineString","coordinates":[[-74.8327475271894,38.9815038171735],[-74.8325293345587,38.9816828645149],[-74.8321616729501,38.9819774693757],[-74.8321206693937,38.982011195563]]}},{"type":"Feature","id":289267,"properties":{"OBJECTID":289267,"PRIMENAME":"Atlantic Avenue","ELEVTYP_F":0,"ELEVTYP_T":0},"geometry":{"type":"LineString","coordinates":[[-74.8397189993865,38.9669801180883],[-74.8402125399507,38.9664647670748]]}},{"type":"Feature","id":291232,"properties":{"OBJECTID":291232,"PRIMENAME":"West Bennett Avenue","ELEVTYP_F":0,"ELEVTYP_T":0},"geometry":{"type":"LineString","coordinates":[[-74.8314320327473,38.9865414026708],[-74.8311205291661,38.9862923052583],[-74.8306544123079,38.9859094290245],[-74.8300854543249,38.9854337302926]]}},{"type":"Feature","id":291240,"properties":{"OBJECTID":291240,"PRIMENAME":"Seaview Avenue","ELEVTYP_F":0,"ELEVTYP_T":0},"geometry":{"type":"LineString","coordinates":[[-74.8500601503256,38.9602305917558],[-74.8498925869457,38.9603517961479],[-74.8497760368197,38.9604360992097]]}},{"type":"Feature","id":291424,"properties":{"OBJECTID":291424,"PRIMENAME":"East Pittsburgh Avenue","ELEVTYP_F":0,"ELEVTYP_T":0},"geometry":{"type":"LineString","coordinates":[[-74.8443135799978,38.9609868230066],[-74.8449981804414,38.9615569263806]]}},{"type":"Feature","id":292591,"properties":{"OBJECTID":292591,"PRIMENAME":"East Rochester Avenue","ELEVTYP_F":0,"ELEVTYP_T":0},"geometry":{"type":"LineString","coordinates":[[-74.850872041705,38.95964129035],[-74.8500901047833,38.9589964142233]]}},{"type":"Feature","id":293242,"properties":{"OBJECTID":293242,"PRIMENAME":"Park Boulevard","ELEVTYP_F":0,"ELEVTYP_T":0},"geometry":{"type":"LineString","coordinates":[[-74.8333664935672,38.9809960741622],[-74.8331586768426,38.9811741588512],[-74.8329358950239,38.9813492931906],[-74.8327475271894,38.9815038171735]]}},{"type":"Feature","id":293363,"properties":{"OBJECTID":293363,"PRIMENAME":"Atlantic Avenue","ELEVTYP_F":0,"ELEVTYP_T":0},"geometry":{"type":"LineString","coordinates":[[-74.8247517304858,38.9789074959038],[-74.8242832965804,38.9792555156964],[-74.8240850207945,38.9794004158433]]}},{"type":"Feature","id":294473,"properties":{"OBJECTID":294473,"PRIMENAME":"Morning Glory Road","ELEVTYP_F":0,"ELEVTYP_T":0},"geometry":{"type":"LineString","coordinates":[[-74.8327050677444,38.9845034960796],[-74.8327584014288,38.9845332464033],[-74.8328636296886,38.9845784723763],[-74.833015586013,38.9846327086825]]}},{"type":"Feature","id":294507,"properties":{"OBJECTID":294507,"PRIMENAME":"Park Boulevard","ELEVTYP_F":0,"ELEVTYP_T":0},"geometry":{"type":"LineString","coordinates":[[-74.8309019087316,38.9830055501441],[-74.8306309146081,38.9832254356952],[-74.8303692857465,38.9834394465823],[-74.8302777323666,38.9835047265807]]}},{"type":"Feature","id":295492,"properties":{"OBJECTID":295492,"PRIMENAME":"East Charleston Avenue","ELEVTYP_F":0,"ELEVTYP_T":0},"geometry":{"type":"LineString","coordinates":[[-74.8488077544773,38.9638652147578],[-74.8489918155953,38.9640179110781],[-74.84933221209,38.9642991930293],[-74.8503443273722,38.9651466040716],[-74.8504158398729,38.9652054250107]]}},{"type":"Feature","id":296661,"properties":{"OBJECTID":296661,"PRIMENAME":"Pacific Avenue","ELEVTYP_F":0,"ELEVTYP_T":0},"geometry":{"type":"LineString","coordinates":[[-74.8289870547544,38.9783744976712],[-74.828333779028,38.9788513965225]]}},{"type":"Feature","id":297071,"properties":{"OBJECTID":297071,"PRIMENAME":"Pacific Avenue","ELEVTYP_F":0,"ELEVTYP_T":0},"geometry":{"type":"LineString","coordinates":[[-74.848256204977,38.9642683876109],[-74.8477000562398,38.9646747849364]]}},{"type":"Feature","id":297107,"properties":{"OBJECTID":297107,"PRIMENAME":"Bayview Avenue","ELEVTYP_F":0,"ELEVTYP_T":0},"geometry":{"type":"LineString","coordinates":[[-74.8517302191209,38.9671630778251],[-74.8522785424231,38.9667612984347]]}},{"type":"Feature","id":297702,"properties":{"OBJECTID":297702,"PRIMENAME":"New Jersey Avenue","ELEVTYP_F":0,"ELEVTYP_T":0},"geometry":{"type":"LineString","coordinates":[[-74.8253606033145,38.9835890268973],[-74.8250898127268,38.9837882511936],[-74.8247773469999,38.9840142528579],[-74.8246808912319,38.9840860508613]]}},{"type":"Feature","id":297849,"properties":{"OBJECTID":297849,"PRIMENAME":"Park Boulevard","ELEVTYP_F":0,"ELEVTYP_T":0},"geometry":{"type":"LineString","coordinates":[[-74.833951778364,38.9804572038441],[-74.8337346667585,38.9806628574251],[-74.8334343282337,38.9809379430018],[-74.8333664935672,38.9809960741622]]}},{"type":"Feature","id":298537,"properties":{"OBJECTID":298537,"PRIMENAME":"West Taylor Avenue","ELEVTYP_F":0,"ELEVTYP_T":0},"geometry":{"type":"LineString","coordinates":[[-74.8256508927515,38.9859413760652],[-74.8262620936892,38.9864510544139]]}},{"type":"Feature","id":298688,"properties":{"OBJECTID":298688,"PRIMENAME":"East Monterey Avenue","ELEVTYP_F":0,"ELEVTYP_T":0},"geometry":{"type":"LineString","coordinates":[[-74.8411934208855,38.9654365758166],[-74.8409910075031,38.9652681331333],[-74.8399499062133,38.9644041682063]]}},{"type":"Feature","id":298696,"properties":{"OBJECTID":298696,"PRIMENAME":"Park Boulevard","ELEVTYP_F":0,"ELEVTYP_T":0},"geometry":{"type":"LineString","coordinates":[[-74.8465538278812,38.9680340059251],[-74.8468288103581,38.9678315884967],[-74.8471575995051,38.9675920243699]]}},{"type":"Feature","id":298860,"properties":{"OBJECTID":298860,"PRIMENAME":"Atlantic Avenue","ELEVTYP_F":0,"ELEVTYP_T":0},"geometry":{"type":"LineString","coordinates":[[-74.8240850207945,38.9794004158433],[-74.8236916934327,38.9796878441057],[-74.8234209106434,38.9798868168874]]}},{"type":"Feature","id":298953,"properties":{"OBJECTID":298953,"PRIMENAME":"East Pittsburgh Avenue","ELEVTYP_F":0,"ELEVTYP_T":0},"geometry":{"type":"LineString","coordinates":[[-74.846523710531,38.9628268934537],[-74.8466601634196,38.9629404687151],[-74.8479694469111,38.9640301076672],[-74.848256204977,38.9642683876109]]}},{"type":"Feature","id":299757,"properties":{"OBJECTID":299757,"PRIMENAME":"Seaview Avenue","ELEVTYP_F":0,"ELEVTYP_T":0},"geometry":{"type":"LineString","coordinates":[[-74.8332993638597,38.9737532497227],[-74.8327689179891,38.9741385776441],[-74.8326583536924,38.9742201149824]]}},{"type":"Feature","id":300872,"properties":{"OBJECTID":300872,"PRIMENAME":"Seaview Avenue","ELEVTYP_F":0,"ELEVTYP_T":0},"geometry":{"type":"LineString","coordinates":[[-74.8525988584968,38.9583747209683],[-74.8525403804004,38.9584182032684],[-74.8524980506206,38.9584492489266]]}},{"type":"Feature","id":301404,"properties":{"OBJECTID":301404,"PRIMENAME":"East Palm Road","ELEVTYP_F":0,"ELEVTYP_T":0},"geometry":{"type":"LineString","coordinates":[[-74.834580038572,38.9728155576206],[-74.8338826496755,38.9722316466978]]}},{"type":"Feature","id":301637,"properties":{"OBJECTID":301637,"PRIMENAME":"West Rochester Avenue","ELEVTYP_F":0,"ELEVTYP_T":0},"geometry":{"type":"LineString","coordinates":[[-74.8548150356034,38.9629231002081],[-74.8542649365286,38.9624653081138]]}},{"type":"Feature","id":302204,"properties":{"OBJECTID":302204,"PRIMENAME":"Seaview Avenue","ELEVTYP_F":0,"ELEVTYP_T":0},"geometry":{"type":"LineString","coordinates":[[-74.8481498580531,38.9616334577152],[-74.8476090109944,38.9620289617602]]}},{"type":"Feature","id":302406,"properties":{"OBJECTID":302406,"PRIMENAME":"West Cresse Avenue","ELEVTYP_F":0,"ELEVTYP_T":0},"geometry":{"type":"LineString","coordinates":[[-74.8302777323666,38.9835047265807],[-74.8300908934604,38.9833472057142],[-74.8296642358006,38.9829940322978]]}},{"type":"Feature","id":302554,"properties":{"OBJECTID":302554,"PRIMENAME":"East Miami Avenue","ELEVTYP_F":0,"ELEVTYP_T":0},"geometry":{"type":"LineString","coordinates":[[-74.8431586611972,38.9679971395743],[-74.8440958727161,38.9687723056473],[-74.8447665236821,38.9693374544268]]}},{"type":"Feature","id":303676,"properties":{"OBJECTID":303676,"PRIMENAME":"East Toledo Avenue","ELEVTYP_F":0,"ELEVTYP_T":0},"geometry":{"type":"LineString","coordinates":[[-74.8449425722107,38.9666910615703],[-74.84456798213,38.9663783726616],[-74.8433743200558,38.9653842414736]]}},{"type":"Feature","id":304109,"properties":{"OBJECTID":304109,"PRIMENAME":"East Buttercup Road","ELEVTYP_F":0,"ELEVTYP_T":0},"geometry":{"type":"LineString","coordinates":[[-74.8251041915582,38.977170344138],[-74.8247615644943,38.9768784806791],[-74.8245075274944,38.9766662199447]]}},{"type":"Feature","id":304722,"properties":{"OBJECTID":304722,"PRIMENAME":"West Hildreth Avenue","ELEVTYP_F":0,"ELEVTYP_T":0},"geometry":{"type":"LineString","coordinates":[[-74.830749466016,38.9849474839342],[-74.8313995374266,38.9854877510218],[-74.831857487658,38.985861915451]]}},{"type":"Feature","id":305040,"properties":{"OBJECTID":305040,"PRIMENAME":"East Syracuse Avenue","ELEVTYP_F":0,"ELEVTYP_T":0},"geometry":{"type":"LineString","coordinates":[[-74.8460837369523,38.9658581626141],[-74.8471585261789,38.9667513252032],[-74.8476961501031,38.9671996591765]]}},{"type":"Feature","id":305123,"properties":{"OBJECTID":305123,"PRIMENAME":"Atlantic Avenue","ELEVTYP_F":0,"ELEVTYP_T":0},"geometry":{"type":"LineString","coordinates":[[-74.8220830856078,38.98086545636],[-74.8215419930355,38.9812630645526],[-74.8214153418791,38.9813632248592]]}},{"type":"Feature","id":306233,"properties":{"OBJECTID":306233,"PRIMENAME":"East Wisteria Road","ELEVTYP_F":0,"ELEVTYP_T":0},"geometry":{"type":"LineString","coordinates":[[-74.8323099029865,38.9759448404656],[-74.8325568578544,38.9761503496988],[-74.8337666591062,38.9771514080955],[-74.8339471994244,38.9773029568294]]}},{"type":"Feature","id":306426,"properties":{"OBJECTID":306426,"PRIMENAME":"Atlantic Avenue","ELEVTYP_F":0,"ELEVTYP_T":0},"geometry":{"type":"LineString","coordinates":[[-74.8407038804914,38.9659469222571],[-74.8411934208855,38.9654365758166]]}},{"type":"Feature","id":306752,"properties":{"OBJECTID":306752,"PRIMENAME":"Atlantic Avenue","ELEVTYP_F":0,"ELEVTYP_T":0},"geometry":{"type":"LineString","coordinates":[[-74.8411934208855,38.9654365758166],[-74.8413404774854,38.9652832847894],[-74.8416821030154,38.9649248577804]]}},{"type":"Feature","id":306796,"properties":{"OBJECTID":306796,"PRIMENAME":"East Rambler Road","ELEVTYP_F":0,"ELEVTYP_T":0},"geometry":{"type":"LineString","coordinates":[[-74.8381373188638,38.9716780519679],[-74.8389770451474,38.9723775647223],[-74.8396512711042,38.9729488274381],[-74.8397616326365,38.973040463913]]}},{"type":"Feature","id":307378,"properties":{"OBJECTID":307378,"PRIMENAME":"West Hand Avenue","ELEVTYP_F":0,"ELEVTYP_T":0},"geometry":{"type":"LineString","coordinates":[[-74.8269883087596,38.9849556951938],[-74.8268371324057,38.9848330227646],[-74.8260730852123,38.98418667546],[-74.8255474206148,38.9837439753292],[-74.8253606033145,38.9835890268973]]}},{"type":"Feature","id":308476,"properties":{"OBJECTID":308476,"PRIMENAME":"Pacific Avenue","ELEVTYP_F":0,"ELEVTYP_T":0},"geometry":{"type":"LineString","coordinates":[[-74.8407218823797,38.969785703351],[-74.8402660122182,38.9701207910829],[-74.8400853872045,38.9702521567891]]}},{"type":"Feature","id":308647,"properties":{"OBJECTID":308647,"PRIMENAME":"East Stanton Road","ELEVTYP_F":0,"ELEVTYP_T":0},"geometry":{"type":"LineString","coordinates":[[-74.8373500929229,38.9679759619723],[-74.837646369039,38.968223220186],[-74.8380963260778,38.9685973574575]]}},{"type":"Feature","id":309037,"properties":{"OBJECTID":309037,"PRIMENAME":"Seaview Avenue","ELEVTYP_F":0,"ELEVTYP_T":0},"geometry":{"type":"LineString","coordinates":[[-74.8524980506206,38.9584492489266],[-74.8524775179871,38.9584643013889],[-74.8522140523048,38.9586574565049],[-74.851955797716,38.9588467864362]]}},{"type":"Feature","id":309074,"properties":{"OBJECTID":309074,"PRIMENAME":"Atlantic Avenue","ELEVTYP_F":0,"ELEVTYP_T":0},"geometry":{"type":"LineString","coordinates":[[-74.8402125399507,38.9664647670748],[-74.840219399532,38.9664576356305],[-74.8406711577345,38.9659810390422],[-74.8407038804914,38.9659469222571]]}},{"type":"Feature","id":309822,"properties":{"OBJECTID":309822,"PRIMENAME":"Pacific Avenue","ELEVTYP_F":0,"ELEVTYP_T":0},"geometry":{"type":"LineString","coordinates":[[-74.8526008553778,38.9610833633535],[-74.8520638187765,38.9614824196355]]}},{"type":"Feature","id":310552,"properties":{"OBJECTID":310552,"PRIMENAME":"West Montgomery Avenue","ELEVTYP_F":0,"ELEVTYP_T":0},"geometry":{"type":"LineString","coordinates":[[-74.823591996068,38.9884050703492],[-74.8239057205205,38.9886665099582],[-74.8247280335842,38.98936070682]]}},{"type":"Feature","id":310611,"properties":{"OBJECTID":310611,"PRIMENAME":"Ocean Avenue","ELEVTYP_F":0,"ELEVTYP_T":0},"geometry":{"type":"LineString","coordinates":[[-74.8217975470028,38.9795861051036],[-74.8215914516159,38.9797379142001],[-74.8211346807823,38.9800714465135]]}},{"type":"Feature","id":310681,"properties":{"OBJECTID":310681,"PRIMENAME":"Pacific Avenue","ELEVTYP_F":0,"ELEVTYP_T":0},"geometry":{"type":"LineString","coordinates":[[-74.828333779028,38.9788513965225],[-74.8282108573638,38.9789411469315],[-74.8276904871648,38.9793210143891]]}},{"type":"Feature","id":310866,"properties":{"OBJECTID":310866,"PRIMENAME":"Atlantic Avenue","ELEVTYP_F":0,"ELEVTYP_T":0},"geometry":{"type":"LineString","coordinates":[[-74.8306745142909,38.9745826864573],[-74.8309164450252,38.9744060191309],[-74.8313192317018,38.9741076930567]]}},{"type":"Feature","id":311034,"properties":{"OBJECTID":311034,"PRIMENAME":"Given Drive","ELEVTYP_F":0,"ELEVTYP_T":0},"geometry":{"type":"LineString","coordinates":[[-74.839065466553,38.9867078391926],[-74.8390066104307,38.9868308826825],[-74.8389370800774,38.9870073387574],[-74.8389119906565,38.9872319916754]]}},{"type":"Feature","id":311699,"properties":{"OBJECTID":311699,"PRIMENAME":"South Station Avenue","ELEVTYP_F":0,"ELEVTYP_T":0},"geometry":{"type":"LineString","coordinates":[[-74.8530587498419,38.9580327654729],[-74.8533687277962,38.9582886469121],[-74.8546307250139,38.9593428510196],[-74.8547876664064,38.9594734332365]]}},{"type":"Feature","id":312804,"properties":{"OBJECTID":312804,"PRIMENAME":"Turtle Gut Circle","ELEVTYP_F":0,"ELEVTYP_T":0},"geometry":{"type":"LineString","coordinates":[[-74.851955797716,38.9588467864362],[-74.8517362625026,38.9586859216793]]}},{"type":"Feature","id":312929,"properties":{"OBJECTID":312929,"PRIMENAME":"East Trenton Avenue","ELEVTYP_F":0,"ELEVTYP_T":0},"geometry":{"type":"LineString","coordinates":[[-74.8481498580531,38.9616334577152],[-74.8482949286076,38.9617543915964],[-74.8492430071803,38.9625490903579],[-74.8498802514497,38.9630763621943]]}},{"type":"Feature","id":312990,"properties":{"OBJECTID":312990,"PRIMENAME":"Pacific Avenue","ELEVTYP_F":0,"ELEVTYP_T":0},"geometry":{"type":"LineString","coordinates":[[-74.835517350595,38.9735957626886],[-74.8352747424275,38.9737750495109],[-74.8348765799692,38.9740652483414]]}},{"type":"Feature","id":313249,"properties":{"OBJECTID":313249,"PRIMENAME":"West Leaming Avenue","ELEVTYP_F":0,"ELEVTYP_T":0},"geometry":{"type":"LineString","coordinates":[[-74.8276576930279,38.9844637128003],[-74.8282755077442,38.9849730324409]]}},{"type":"Feature","id":314218,"properties":{"OBJECTID":314218,"PRIMENAME":"Park Boulevard","ELEVTYP_F":0,"ELEVTYP_T":0},"geometry":{"type":"LineString","coordinates":[[-74.834550890199,38.9798981637782],[-74.8343317195233,38.9800989092664],[-74.8340278840241,38.9803850726392],[-74.833951778364,38.9804572038441]]}},{"type":"Feature","id":314220,"properties":{"OBJECTID":314220,"PRIMENAME":"Seaview Avenue","ELEVTYP_F":0,"ELEVTYP_T":0},"geometry":{"type":"LineString","coordinates":[[-74.828048769609,38.9775949858245],[-74.8273939076952,38.9780708677588]]}},{"type":"Feature","id":314542,"properties":{"OBJECTID":314542,"PRIMENAME":"Hildreth Avenue","ELEVTYP_F":0,"ELEVTYP_T":0},"geometry":{"type":"LineString","coordinates":[[-74.8384330081129,38.9894529243959],[-74.8383318784639,38.9894033332363],[-74.8372726097987,38.9888838834537]]}},{"type":"Feature","id":314659,"properties":{"OBJECTID":314659,"PRIMENAME":"New Jersey Avenue","ELEVTYP_F":0,"ELEVTYP_T":0},"geometry":{"type":"LineString","coordinates":[[-74.8384605859239,38.9740004304405],[-74.8378036936699,38.9744791505854]]}},{"type":"Feature","id":314843,"properties":{"OBJECTID":314843,"PRIMENAME":"FR RT 47 SB to SUSQUEHANNA AVE","ELEVTYP_F":0,"ELEVTYP_T":0},"geometry":{"type":"LineString","coordinates":[[-74.8299649151746,38.9884787145586],[-74.8299375644333,38.9883547618185],[-74.829911152004,38.9882961578088],[-74.8298978267115,38.9882451777416],[-74.8298975780498,38.9881916076531],[-74.8299026220861,38.9881346047211],[-74.8299064036696,38.9880918534267]]}},{"type":"Feature","id":314989,"properties":{"OBJECTID":314989,"PRIMENAME":"East Sweetbriar Road","ELEVTYP_F":0,"ELEVTYP_T":0},"geometry":{"type":"LineString","coordinates":[[-74.8290721332994,38.9742661715693],[-74.8287507865161,38.9739975722932],[-74.8284779836818,38.9737665088204]]}},{"type":"Feature","id":315423,"properties":{"OBJECTID":315423,"PRIMENAME":"Park Boulevard","ELEVTYP_F":0,"ELEVTYP_T":0},"geometry":{"type":"LineString","coordinates":[[-74.8547992602819,38.9620732524705],[-74.8548033256796,38.9620703023814],[-74.85533964527,38.9616777436032]]}},{"type":"Feature","id":316673,"properties":{"OBJECTID":316673,"PRIMENAME":"Lake Road","ELEVTYP_F":0,"ELEVTYP_T":0},"geometry":{"type":"LineString","coordinates":[[-74.8327050677444,38.9845034960796],[-74.8325378976289,38.9847919015786],[-74.8322989403255,38.9851897960731]]}},{"type":"Feature","id":316826,"properties":{"OBJECTID":316826,"PRIMENAME":"Washington Avenue","ELEVTYP_F":0,"ELEVTYP_T":0},"geometry":{"type":"LineString","coordinates":[[-74.8210855699056,38.9873611341406],[-74.8217497021024,38.9868686227461]]}},{"type":"Feature","id":317162,"properties":{"OBJECTID":317162,"PRIMENAME":"Park Boulevard","ELEVTYP_F":0,"ELEVTYP_T":0},"geometry":{"type":"LineString","coordinates":[[-74.8302777323666,38.9835047265807],[-74.8301011098606,38.9836306294639],[-74.8296678329328,38.983951580324],[-74.8296097353361,38.9839943049073]]}},{"type":"Feature","id":317245,"properties":{"OBJECTID":317245,"PRIMENAME":"Seaview Avenue","ELEVTYP_F":0,"ELEVTYP_T":0},"geometry":{"type":"LineString","coordinates":[[-74.8293575560409,38.9766361290891],[-74.8287022449472,38.9771176491966]]}},{"type":"Feature","id":317250,"properties":{"OBJECTID":317250,"PRIMENAME":"Shawcrest Road","ELEVTYP_F":0,"ELEVTYP_T":0},"geometry":{"type":"LineString","coordinates":[[-74.8372226116099,38.9896678822655],[-74.8372286096639,38.9895518832126],[-74.8372596097928,38.9890808832226]]}},{"type":"Feature","id":317729,"properties":{"OBJECTID":317729,"PRIMENAME":"East Wisteria Road","ELEVTYP_F":0,"ELEVTYP_T":0},"geometry":{"type":"LineString","coordinates":[[-74.8306745142909,38.9745826864573],[-74.8310964434638,38.974934990027],[-74.8313725251914,38.9751647749874]]}},{"type":"Feature","id":317801,"properties":{"OBJECTID":317801,"PRIMENAME":"Seaview Avenue","ELEVTYP_F":0,"ELEVTYP_T":0},"geometry":{"type":"LineString","coordinates":[[-74.8384832799989,38.9699222056579],[-74.838212049381,38.9701214070602],[-74.8378453930526,38.9703954065295]]}},{"type":"Feature","id":318051,"properties":{"OBJECTID":318051,"PRIMENAME":"East Cardinal Road","ELEVTYP_F":0,"ELEVTYP_T":0},"geometry":{"type":"LineString","coordinates":[[-74.8309762066264,38.9769217858896],[-74.8305834300223,38.9765926832221],[-74.8300398972122,38.9761365718675]]}},{"type":"Feature","id":318898,"properties":{"OBJECTID":318898,"PRIMENAME":"East Buttercup Road","ELEVTYP_F":0,"ELEVTYP_T":0},"geometry":{"type":"LineString","coordinates":[[-74.82932252835,38.980685936392],[-74.8289195352547,38.9803487854336],[-74.8276904871648,38.9793210143891]]}},{"type":"Feature","id":320017,"properties":{"OBJECTID":320017,"PRIMENAME":"East Burk Avenue","ELEVTYP_F":0,"ELEVTYP_T":0},"geometry":{"type":"LineString","coordinates":[[-74.8194009789025,38.9828272650124],[-74.8197264490524,38.9830964278531],[-74.8209277650781,38.984094126336],[-74.8210464193306,38.9841927599624]]}},{"type":"Feature","id":320070,"properties":{"OBJECTID":320070,"PRIMENAME":"West Charleston Avenue","ELEVTYP_F":0,"ELEVTYP_T":0},"geometry":{"type":"LineString","coordinates":[[-74.8504158398729,38.9652054250107],[-74.8507845999466,38.9655087220634],[-74.8521325966038,38.9666304050837],[-74.8522785424231,38.9667612984347]]}},{"type":"Feature","id":320319,"properties":{"OBJECTID":320319,"PRIMENAME":"North Station Avenue","ELEVTYP_F":0,"ELEVTYP_T":0},"geometry":{"type":"LineString","coordinates":[[-74.8524980506206,38.9584492489266],[-74.8532822306673,38.9591065413537],[-74.8542256173737,38.9598874029585]]}},{"type":"Feature","id":320432,"properties":{"OBJECTID":320432,"PRIMENAME":"Park Boulevard","ELEVTYP_F":0,"ELEVTYP_T":0},"geometry":{"type":"LineString","coordinates":[[-74.8382177215017,38.9758474686772],[-74.8381126330595,38.97597767898],[-74.8378269505362,38.9763385689657],[-74.8377369092664,38.976452288251]]}},{"type":"Feature","id":320581,"properties":{"OBJECTID":320581,"PRIMENAME":"Given Drive","ELEVTYP_F":0,"ELEVTYP_T":0},"geometry":{"type":"LineString","coordinates":[[-74.8389119906565,38.9872319916754],[-74.838977893486,38.9878198528292],[-74.8389785759123,38.9878215967213]]}},{"type":"Feature","id":321691,"properties":{"OBJECTID":321691,"PRIMENAME":"East Stanton Road","ELEVTYP_F":0,"ELEVTYP_T":0},"geometry":{"type":"LineString","coordinates":[[-74.8380963260778,38.9685973574575],[-74.8385515846031,38.9689758431847],[-74.8391245859949,38.9694524245428]]}},{"type":"Feature","id":322331,"properties":{"OBJECTID":322331,"PRIMENAME":"Seaview Avenue","ELEVTYP_F":0,"ELEVTYP_T":0},"geometry":{"type":"LineString","coordinates":[[-74.8443529986491,38.9644149008413],[-74.8442356896343,38.9644996275829],[-74.8441241913864,38.9646003166612],[-74.8439921490149,38.9647366810866],[-74.8438756939163,38.9648600377504]]}},{"type":"Feature","id":323100,"properties":{"OBJECTID":323100,"PRIMENAME":"Ocean Avenue","ELEVTYP_F":0,"ELEVTYP_T":0},"geometry":{"type":"LineString","coordinates":[[-74.8264019307601,38.9762193220823],[-74.8267551096378,38.9759588788308],[-74.8270569086613,38.9757402877184]]}},{"type":"Feature","id":323454,"properties":{"OBJECTID":323454,"PRIMENAME":"Bayview Avenue","ELEVTYP_F":0,"ELEVTYP_T":0},"geometry":{"type":"LineString","coordinates":[[-74.8486732071069,38.9688411227016],[-74.848780163795,38.9687894554849],[-74.8488522547064,38.968743384984],[-74.8489198253573,38.9686937848439],[-74.8490053538547,38.9686194183814],[-74.8491836211273,38.9684346389268]]}},{"type":"Feature","id":323889,"properties":{"OBJECTID":323889,"PRIMENAME":"Park Boulevard","ELEVTYP_F":0,"ELEVTYP_T":0},"geometry":{"type":"LineString","coordinates":[[-74.8534580778539,38.9630582931429],[-74.85347578199,38.9630455102628],[-74.8537285435531,38.9628596467608]]}},{"type":"Feature","id":325833,"properties":{"OBJECTID":325833,"PRIMENAME":"West Andrews Avenue","ELEVTYP_F":0,"ELEVTYP_T":0},"geometry":{"type":"LineString","coordinates":[[-74.8283497177376,38.9892325006964],[-74.827959638846,38.9889053597806],[-74.8269865238728,38.9881006218899],[-74.8267372408297,38.9878919223898]]}},{"type":"Feature","id":326564,"properties":{"OBJECTID":326564,"PRIMENAME":"East Lotus Road","ELEVTYP_F":0,"ELEVTYP_T":0},"geometry":{"type":"LineString","coordinates":[[-74.8329614694703,38.9704942346621],[-74.832966952368,38.9704932857203],[-74.8329873486574,38.9704923491788],[-74.8330071259225,38.9704942692472],[-74.8330355719251,38.9705072308229],[-74.8330614756215,38.9705253625155],[-74.8334407499337,38.9708453781249],[-74.8335834913682,38.9709660629042]]}},{"type":"Feature","id":326666,"properties":{"OBJECTID":326666,"PRIMENAME":"Park Boulevard","ELEVTYP_F":0,"ELEVTYP_T":0},"geometry":{"type":"LineString","coordinates":[[-74.8282755077442,38.9849730324409],[-74.8278639386841,38.9852747216574],[-74.8276079777575,38.9854627339429]]}},{"type":"Feature","id":326782,"properties":{"OBJECTID":326782,"PRIMENAME":"New Jersey Avenue","ELEVTYP_F":0,"ELEVTYP_T":0},"geometry":{"type":"LineString","coordinates":[[-74.8332861138054,38.9777856992452],[-74.8326052889113,38.9782844196572]]}},{"type":"Feature","id":327187,"properties":{"OBJECTID":327187,"PRIMENAME":"West Forget Me Not Road","ELEVTYP_F":0,"ELEVTYP_T":0},"geometry":{"type":"LineString","coordinates":[[-74.8375762413802,38.9772202989365],[-74.8373696561683,38.9771267964354],[-74.8372529678337,38.9770665324884]]}},{"type":"Feature","id":327734,"properties":{"OBJECTID":327734,"PRIMENAME":"East Hollywood Avenue","ELEVTYP_F":0,"ELEVTYP_T":0},"geometry":{"type":"LineString","coordinates":[[-74.8471653537541,38.9650660397816],[-74.8481992897959,38.9659265561879],[-74.8487767216254,38.9664092273406]]}},{"type":"Feature","id":328071,"properties":{"OBJECTID":328071,"PRIMENAME":"Park Boulevard","ELEVTYP_F":0,"ELEVTYP_T":0},"geometry":{"type":"LineString","coordinates":[[-74.8482378778216,38.9668038496967],[-74.8487767216254,38.9664092273406]]}},{"type":"Feature","id":328476,"properties":{"OBJECTID":328476,"PRIMENAME":"Lake Road","ELEVTYP_F":0,"ELEVTYP_T":0},"geometry":{"type":"LineString","coordinates":[[-74.8313843699305,38.9866249788085],[-74.8314303714801,38.9865443162807],[-74.8314320327473,38.9865414026708]]}},{"type":"Feature","id":329031,"properties":{"OBJECTID":329031,"PRIMENAME":"Atlantic Avenue","ELEVTYP_F":0,"ELEVTYP_T":0},"geometry":{"type":"LineString","coordinates":[[-74.8421852015286,38.964398871596],[-74.8423042217824,38.9642748217202],[-74.8426816533399,38.9638674380602]]}},{"type":"Feature","id":329571,"properties":{"OBJECTID":329571,"PRIMENAME":"East Aster Road","ELEVTYP_F":0,"ELEVTYP_T":0},"geometry":{"type":"LineString","coordinates":[[-74.8277138597682,38.9752638530194],[-74.8285696208668,38.975974982236],[-74.8286606959761,38.9760514165003]]}},{"type":"Feature","id":329647,"properties":{"OBJECTID":329647,"PRIMENAME":"West Hand Avenue","ELEVTYP_F":0,"ELEVTYP_T":0},"geometry":{"type":"LineString","coordinates":[[-74.8303631575292,38.9877602097113],[-74.8293043053255,38.9868750874351],[-74.8287554097135,38.9864158286111]]}},{"type":"Feature","id":329786,"properties":{"OBJECTID":329786,"PRIMENAME":"Beach Avenue","ELEVTYP_F":0,"ELEVTYP_T":0},"geometry":{"type":"LineString","coordinates":[[-74.8284779836818,38.9737665088204],[-74.8287531094605,38.9735641886198],[-74.8290748070096,38.9733314502156],[-74.8290995423843,38.9733175692769],[-74.8291156966958,38.9733117842981],[-74.8291263543071,38.9733117542405]]}},{"type":"Feature","id":330105,"properties":{"OBJECTID":330105,"PRIMENAME":"East Washington Avenue","ELEVTYP_F":0,"ELEVTYP_T":0},"geometry":{"type":"LineString","coordinates":[[-74.8476994203069,38.9595724188164],[-74.8480729187767,38.9598821086447],[-74.8485564924916,38.9602844994161],[-74.8491219374132,38.960755011946],[-74.8492272808358,38.9608431133702]]}},{"type":"Feature","id":331544,"properties":{"OBJECTID":331544,"PRIMENAME":"Unnamed Segment","ELEVTYP_F":0,"ELEVTYP_T":0},"geometry":{"type":"LineString","coordinates":[[-74.8320739306566,38.9869966330301],[-74.8321510977454,38.98706377733],[-74.8321846098433,38.9872548831803],[-74.8320983905428,38.987637077045],[-74.8319945554919,38.9878054746955],[-74.8318988320222,38.9879530365111]]}},{"type":"Feature","id":332500,"properties":{"OBJECTID":332500,"PRIMENAME":"West Crocus Road","ELEVTYP_F":0,"ELEVTYP_T":0},"geometry":{"type":"LineString","coordinates":[[-74.8337637652207,38.9813232588799],[-74.8334689101746,38.9810804637648]]}},{"type":"Feature","id":332874,"properties":{"OBJECTID":332874,"PRIMENAME":"East Monterey Avenue","ELEVTYP_F":0,"ELEVTYP_T":0},"geometry":{"type":"LineString","coordinates":[[-74.8437464280465,38.9675653277191],[-74.8432521906048,38.9671525709285],[-74.8423790709125,38.9664238612199]]}},{"type":"Feature","id":332967,"properties":{"OBJECTID":332967,"PRIMENAME":"New Jersey Avenue","ELEVTYP_F":0,"ELEVTYP_T":0},"geometry":{"type":"LineString","coordinates":[[-74.8378036936699,38.9744791505854],[-74.8375819704068,38.9746407256391],[-74.8371555795564,38.974956357919]]}},{"type":"Feature","id":333928,"properties":{"OBJECTID":333928,"PRIMENAME":"West Cresse Avenue","ELEVTYP_F":0,"ELEVTYP_T":0},"geometry":{"type":"LineString","coordinates":[[-74.8315456866107,38.9845633513848],[-74.8314191911681,38.984458719445]]}},{"type":"Feature","id":334994,"properties":{"OBJECTID":334994,"PRIMENAME":"Seaview Avenue","ELEVTYP_F":0,"ELEVTYP_T":0},"geometry":{"type":"LineString","coordinates":[[-74.8536051085805,38.9576264557239],[-74.8530587498419,38.9580327654729]]}},{"type":"Feature","id":335150,"properties":{"OBJECTID":335150,"PRIMENAME":"East Louisville Avenue","ELEVTYP_F":0,"ELEVTYP_T":0},"geometry":{"type":"LineString","coordinates":[[-74.8413955766639,38.9674492141601],[-74.8408134225608,38.9669633627566],[-74.8402125399507,38.9664647670748]]}},{"type":"Feature","id":335298,"properties":{"OBJECTID":335298,"PRIMENAME":"Seaview Avenue","ELEVTYP_F":0,"ELEVTYP_T":0},"geometry":{"type":"LineString","coordinates":[[-74.8433743200558,38.9653842414736],[-74.843154560727,38.9656164999814],[-74.84287270084,38.9659100634879]]}},{"type":"Feature","id":337697,"properties":{"OBJECTID":337697,"PRIMENAME":"East Trenton Avenue","ELEVTYP_F":0,"ELEVTYP_T":0},"geometry":{"type":"LineString","coordinates":[[-74.8458512205934,38.9597104803162],[-74.8466224364382,38.9603586300525]]}},{"type":"Feature","id":338595,"properties":{"OBJECTID":338595,"PRIMENAME":"West Andrews Avenue","ELEVTYP_F":0,"ELEVTYP_T":0},"geometry":{"type":"LineString","coordinates":[[-74.8299587315347,38.9905798198899],[-74.8296066191231,38.9902865713086],[-74.8283497177376,38.9892325006964]]}},{"type":"Feature","id":338710,"properties":{"OBJECTID":338710,"PRIMENAME":"West Palm Road","ELEVTYP_F":0,"ELEVTYP_T":0},"geometry":{"type":"LineString","coordinates":[[-74.8382177215017,38.9758474686772],[-74.83755217969,38.9752863328353],[-74.8371555795564,38.974956357919]]}},{"type":"Feature","id":338931,"properties":{"OBJECTID":338931,"PRIMENAME":"Seapointe Boulevard","ELEVTYP_F":0,"ELEVTYP_T":0},"geometry":{"type":"LineString","coordinates":[[-74.8513031487755,38.95674199704],[-74.8508839233615,38.9570169114247],[-74.8507979008145,38.9573409953378]]}},{"type":"Feature","id":339571,"properties":{"OBJECTID":339571,"PRIMENAME":"West Miami Avenue","ELEVTYP_F":0,"ELEVTYP_T":0},"geometry":{"type":"LineString","coordinates":[[-74.8447665236821,38.9693374544268],[-74.8448496625334,38.969407501619],[-74.8450764451033,38.9696066191922]]}},{"type":"Feature","id":340510,"properties":{"OBJECTID":340510,"PRIMENAME":"East Buttercup Road","ELEVTYP_F":0,"ELEVTYP_T":0},"geometry":{"type":"LineString","coordinates":[[-74.8276904871648,38.9793210143891],[-74.8274397870872,38.9791113587886],[-74.8267482312917,38.9785420519863]]}},{"type":"Feature","id":340649,"properties":{"OBJECTID":340649,"PRIMENAME":"New Jersey Avenue","ELEVTYP_F":0,"ELEVTYP_T":0},"geometry":{"type":"LineString","coordinates":[[-74.8371555795564,38.974956357919],[-74.83658409737,38.9753793300995],[-74.8365149313362,38.9754295591712]]}},{"type":"Feature","id":340943,"properties":{"OBJECTID":340943,"PRIMENAME":"East Forget Me Not Road","ELEVTYP_F":0,"ELEVTYP_T":0},"geometry":{"type":"LineString","coordinates":[[-74.8316475121152,38.9723839065361],[-74.8313025271913,38.9720927840377],[-74.831201038489,38.9720080330035],[-74.8311190233593,38.9719354459831],[-74.8310993002582,38.9719224312684],[-74.8310761386673,38.9719112667762],[-74.8310567065131,38.9719079445547],[-74.8310488981353,38.9719081585903]]}},{"type":"Feature","id":341019,"properties":{"OBJECTID":341019,"PRIMENAME":"Ocean Avenue","ELEVTYP_F":0,"ELEVTYP_T":0},"geometry":{"type":"LineString","coordinates":[[-74.8356252879697,38.9695897828749],[-74.8357579475756,38.9694744875843],[-74.8360387137597,38.9692081831384],[-74.8362188930759,38.9690410740397]]}},{"type":"Feature","id":341544,"properties":{"OBJECTID":341544,"PRIMENAME":"Bayview Avenue","ELEVTYP_F":0,"ELEVTYP_T":0},"geometry":{"type":"LineString","coordinates":[[-74.8450764451033,38.9696066191922],[-74.8453122476668,38.9695479022745],[-74.8455335123557,38.9695014193563],[-74.8459822398675,38.969431882548]]}},{"type":"Feature","id":341747,"properties":{"OBJECTID":341747,"PRIMENAME":"Pacific Avenue","ELEVTYP_F":0,"ELEVTYP_T":0},"geometry":{"type":"LineString","coordinates":[[-74.8309762066264,38.9769217858896],[-74.8305560000138,38.9772298794508],[-74.8302942144127,38.9774208808841]]}},{"type":"Feature","id":344028,"properties":{"OBJECTID":344028,"PRIMENAME":"East Louisville Avenue","ELEVTYP_F":0,"ELEVTYP_T":0},"geometry":{"type":"LineString","coordinates":[[-74.8425698793052,38.9684317242968],[-74.8420217411624,38.9679718376535],[-74.8413955766639,38.9674492141601]]}},{"type":"Feature","id":344493,"properties":{"OBJECTID":344493,"PRIMENAME":"Dune Drive","ELEVTYP_F":0,"ELEVTYP_T":0},"geometry":{"type":"LineString","coordinates":[[-74.8536773015011,38.9602920196688],[-74.851955797716,38.9588467864362]]}},{"type":"Feature","id":344558,"properties":{"OBJECTID":344558,"PRIMENAME":"New Jersey Avenue","ELEVTYP_F":0,"ELEVTYP_T":0},"geometry":{"type":"LineString","coordinates":[[-74.82932252835,38.980685936392],[-74.828764428862,38.9810939499377],[-74.8286849531098,38.9811539507451]]}},{"type":"Feature","id":345520,"properties":{"OBJECTID":345520,"PRIMENAME":"Lake Road","ELEVTYP_F":0,"ELEVTYP_T":0},"geometry":{"type":"LineString","coordinates":[[-74.8303631575292,38.9877602097113],[-74.8305854680659,38.9875989478747],[-74.8309333902509,38.9873418576299],[-74.8309751022814,38.9873008535943],[-74.8310090511858,38.9872473504525]]}},{"type":"Feature","id":345854,"properties":{"OBJECTID":345854,"PRIMENAME":"East Rambler Road","ELEVTYP_F":0,"ELEVTYP_T":0},"geometry":{"type":"LineString","coordinates":[[-74.8371902629912,38.9708908952116],[-74.8369887619421,38.9707234034411],[-74.8363900254237,38.9702260731509]]}},{"type":"Feature","id":347275,"properties":{"OBJECTID":347275,"PRIMENAME":"East Fern Road","ELEVTYP_F":0,"ELEVTYP_T":0},"geometry":{"type":"LineString","coordinates":[[-74.8332380137678,38.9727017381001],[-74.8339367941203,38.9732825192376]]}},{"type":"Feature","id":351473,"properties":{"OBJECTID":351473,"PRIMENAME":"Pacific Avenue","ELEVTYP_F":0,"ELEVTYP_T":0},"geometry":{"type":"LineString","coordinates":[[-74.8230857029732,38.9827010643753],[-74.823028450955,38.9827433203094]]}},{"type":"Feature","id":356964,"properties":{"OBJECTID":356964,"PRIMENAME":"East Rio Grande Avenue","ELEVTYP_F":0,"ELEVTYP_T":0},"geometry":{"type":"LineString","coordinates":[[-74.8246808912319,38.9840860508613],[-74.8246544760239,38.9840025403048],[-74.8241371642808,38.9835820952505],[-74.8236407802632,38.9831647338407],[-74.8234445453477,38.9830076995118],[-74.8230857029732,38.9827010643753]]}},{"type":"Feature","id":395144,"properties":{"OBJECTID":395144,"PRIMENAME":"East Rio Grande Avenue","ELEVTYP_F":0,"ELEVTYP_T":0},"geometry":{"type":"LineString","coordinates":[[-74.823028450955,38.9827433203094],[-74.8245931907316,38.9840563645146],[-74.8246808912319,38.9840860508613]]}},{"type":"Feature","id":398373,"properties":{"OBJECTID":398373,"PRIMENAME":"East Rio Grande Avenue","ELEVTYP_F":0,"ELEVTYP_T":0},"geometry":{"type":"LineString","coordinates":[[-74.8214153418791,38.9813632248592],[-74.8214508752913,38.981433777351],[-74.823028450955,38.9827433203094]]}},{"type":"Feature","id":399208,"properties":{"OBJECTID":399208,"PRIMENAME":"Pacific Avenue","ELEVTYP_F":0,"ELEVTYP_T":0},"geometry":{"type":"LineString","coordinates":[[-74.8237266729814,38.982232100114],[-74.8230857029732,38.9827010643753]]}},{"type":"Feature","id":401312,"properties":{"OBJECTID":401312,"PRIMENAME":"East Rio Grande Avenue","ELEVTYP_F":0,"ELEVTYP_T":0},"geometry":{"type":"LineString","coordinates":[[-74.8230857029732,38.9827010643753],[-74.8224979723393,38.9822114357532],[-74.8221114965538,38.9818913915838],[-74.8215105609941,38.9813993448976],[-74.8214153418791,38.9813632248592]]}},{"type":"Feature","id":401995,"properties":{"OBJECTID":401995,"PRIMENAME":"Bayview Avenue","ELEVTYP_F":0,"ELEVTYP_T":0},"geometry":{"type":"LineString","coordinates":[[-74.8469411212445,38.9693033585892],[-74.8470242183739,38.9692922930095],[-74.8474116489951,38.9692417133349],[-74.8474669512023,38.9692344931014],[-74.847674670155,38.9691950759189],[-74.847814645734,38.9691558323616],[-74.8478772224826,38.9691346682569]]}},{"type":"Feature","id":402033,"properties":{"OBJECTID":402033,"PRIMENAME":"West Rio Grande Avenue","ELEVTYP_F":0,"ELEVTYP_T":0},"geometry":{"type":"LineString","coordinates":[[-74.8303968060017,38.9888377462089],[-74.830929434109,38.9892803493032]]}},{"type":"Feature","id":402168,"properties":{"OBJECTID":402168,"PRIMENAME":"Palm Road","ELEVTYP_F":0,"ELEVTYP_T":0},"geometry":{"type":"LineString","coordinates":[[-74.8329381549809,38.9714422779311],[-74.8325248908829,38.971096489188],[-74.8324160167485,38.9710053920124],[-74.8323830852071,38.9709737158431],[-74.8323759286509,38.9709627528578],[-74.8323713662991,38.9709498059816],[-74.8323688030653,38.9709356994012]]}},{"type":"Feature","id":402273,"properties":{"OBJECTID":402273,"PRIMENAME":"Lotus Road","ELEVTYP_F":0,"ELEVTYP_T":0},"geometry":{"type":"LineString","coordinates":[[-74.8323688030653,38.9709356994012],[-74.8323707341678,38.9709199872879],[-74.8323762369382,38.9709082198074],[-74.8323883534414,38.9708967073528],[-74.8324480109706,38.9708518625306],[-74.8328730966047,38.970543638067],[-74.832936076838,38.9705024356302],[-74.8329488870576,38.9704964128223],[-74.8329614694703,38.9704942346621]]}},{"type":"Feature","id":431949,"properties":{"OBJECTID":431949,"PRIMENAME":"Boardwalk","ELEVTYP_F":0,"ELEVTYP_T":0},"geometry":{"type":"LineString","coordinates":[[-74.8165262248366,38.9825049564391],[-74.8169405729702,38.9822016698083],[-74.8185558766191,38.9810140944448],[-74.8200816966425,38.9798987446339],[-74.8211889772412,38.9790893579514]]}},{"type":"Feature","id":431994,"properties":{"OBJECTID":431994,"PRIMENAME":"East Bennett Avenue","ELEVTYP_F":0,"ELEVTYP_T":0},"geometry":{"type":"LineString","coordinates":[[-74.8224690612755,38.9790938434793],[-74.8218672553704,38.9785924741039]]}},{"type":"Feature","id":431995,"properties":{"OBJECTID":431995,"PRIMENAME":"Leaming Avenue","ELEVTYP_F":0,"ELEVTYP_T":0},"geometry":{"type":"LineString","coordinates":[[-74.8217975470028,38.9795861051036],[-74.8211889772412,38.9790893579514]]}},{"type":"Feature","id":432008,"properties":{"OBJECTID":432008,"PRIMENAME":"Boardwalk","ELEVTYP_F":0,"ELEVTYP_T":0},"geometry":{"type":"LineString","coordinates":[[-74.8218672553704,38.9785924741039],[-74.8231381257271,38.977656294443]]}},{"type":"Feature","id":432009,"properties":{"OBJECTID":432009,"PRIMENAME":"Boardwalk","ELEVTYP_F":0,"ELEVTYP_T":0},"geometry":{"type":"LineString","coordinates":[[-74.8211889772412,38.9790893579514],[-74.8216770477172,38.9787325859492],[-74.8218672553704,38.9785924741039]]}},{"type":"Feature","id":435204,"properties":{"OBJECTID":435204,"PRIMENAME":"Wildwood Crest Bike Path","ELEVTYP_F":0,"ELEVTYP_T":0},"geometry":{"type":"LineString","coordinates":[[-74.8231816111427,38.9775661712011],[-74.823237096108,38.9775271145261],[-74.8233666438553,38.9774238794175],[-74.8236737620661,38.9772033734098],[-74.8236967437675,38.9771657741789],[-74.8239381654239,38.9769899362533],[-74.8239862017248,38.9769786817052],[-74.8243003515877,38.9767386913027],[-74.8243162096959,38.9767011117441],[-74.8245558907374,38.9765350094254],[-74.824628784755,38.9765070023347],[-74.8249837666953,38.9762390921499],[-74.8250226876218,38.9761819850494],[-74.8251682594952,38.9760787032924],[-74.8252269552694,38.9760618565822],[-74.8254275716321,38.975922275625],[-74.8256458951924,38.9757604016212],[-74.825659957729,38.9757200459117],[-74.8258037469794,38.9756167683313],[-74.8259194279361,38.9755983721239],[-74.8262709143846,38.9753471509009],[-74.8263060872908,38.9752497373761],[-74.8264746924053,38.9751213653062],[-74.8265458162473,38.9750961429412],[-74.8269168116481,38.9748281820216],[-74.8269520729097,38.9747502312652],[-74.8270869855104,38.9746539280467],[-74.8272525370541,38.9746367807619],[-74.8276075317943,38.9743758144885],[-74.827635482286,38.9742575666692],[-74.8277987457657,38.9741305986063],[-74.8278912657947,38.9741108754633],[-74.8282871008904,38.9738247680787],[-74.8283241280202,38.9737440309547],[-74.8284874608869,38.9736323539343],[-74.8285924204307,38.9736070341698],[-74.8289527214651,38.9733404877828],[-74.8289880054881,38.9732680964799],[-74.8291069664997,38.9731899090637],[-74.8292244748166,38.9731826265245],[-74.8295228194547,38.9729982761393],[-74.8296213828389,38.9729141496242],[-74.8296181473565,38.9728164093325],[-74.8297318248498,38.9727270267156],[-74.8298651612319,38.9726766896344],[-74.83023951022,38.9723932425199],[-74.8302503886441,38.9723389056911],[-74.8303862943571,38.9722429435561],[-74.8304807738123,38.9722144374688],[-74.8308912413821,38.9719200251089],[-74.8309187751992,38.9718569530291],[-74.8310380748822,38.9717805869269],[-74.8311855136265,38.9717714797359],[-74.8320895480604,38.9711042114872],[-74.8321311352581,38.9710715105845],[-74.8321971465865,38.9709062334424],[-74.8322970054533,38.9708386111456],[-74.832413732863,38.9708078672474],[-74.8328019643095,38.9705222003179],[-74.8328321663599,38.9704352255719],[-74.8329625512236,38.9703501370132],[-74.833123890307,38.9703388157251],[-74.8344189926302,38.9694075744947],[-74.8345805612258,38.9693152914178]]}}]}
